pl_name,pl_rade,pl_eqt,pl_insol,st_teff,st_rad,sy_dist
WASP-96 b,13.45,1285.0,,5540.0,1.05,352.464
HAT-P-1 b,14.784671,1322.0,,5980.0,1.174,158.979
GJ 3470 b,4.57,593.5,,3600.0,0.547,29.4214
HR 8799 e,13.11453,1150.0,,7400.0,,41.2441
WASP-39 b,14.336311,1166.0,,5485.0,0.939,213.982
NGTS-10 b,13.506845,1332.0,,4600.0,0.697,
WASP-19 b,15.86070769,2113.0,3320.0,5616.0,1.006,268.325
K2-25 b,3.44,494.0,9.91,3207.0,0.2932,44.9565
HD 3167 b,1.67,1774.0,1650.0,5261.0,0.88,47.2899
TOI-4201 b,13.67495645,725.0,45.2,3794.0,0.63,189.011
K2-222 b,2.35,871.0,96.0,5942.0,1.115,101.321
KOI-1257 b,10.54,511.0,,5520.0,1.13,
WASP-133 b,13.56289,1790.0,,5700.0,1.44,559.084
HD 21520 b,2.697,637.0,,5871.0,1.044,79.208
TOI-1836 b,8.00321222,966.0,,6380.0,1.577,191.649
K2-3 b,2.078,501.3,10.5,3844.0,0.546,44.0727
K2-240 b,2.0,586.0,,3810.0,0.54,72.9105
HAT-P-18 b,11.153,852.0,,4803.0,0.749,161.4
TOI-1470 c,2.47,373.0,3.35,3709.0,0.469,51.9503
WASP-164 b,12.643752,1610.0,,5806.0,0.932,327.506
WASP-160 B b,12.21781,1119.0,,5298.0,0.868,288.326
Kepler-109 c,2.65,859.0,91.0,5950.0,1.387,474.861
TOI-1789 b,16.14093221,1927.0,2300.0,5991.0,2.168,229.067
TOI-2420 b,15.02003414,1571.6,1017.0,,2.369,435.174
TOI-1117 b,2.46,1538.0,928.0,5635.0,1.05,167.598
CoRoT-23 b,11.77,1660.0,,5900.0,1.61,1060.97
K2-104 b,1.79,798.0,,3712.0,0.48,189.289
HATS-31 b,18.38276,1823.0,,6050.0,1.87,773.974
Kepler-391 b,2.5,930.0,690.0,5038.0,2.879,869.236
TOI-2096 b,1.243,445.0,9.4,3300.0,0.235,48.4809
K2-275 c,2.21,653.0,,4841.0,0.69,123.438
WASP-165 b,14.12334,1624.0,,5599.0,1.75,602.236
HD 97658 b,2.12,751.0,,5212.0,0.728,21.5618
Kepler-6 b,14.616536,1460.0,,5647.0,1.391,587.039
KOI-94 e,6.56,584.0,,6182.0,1.52,477.052
KOI-3503 c,1.21,686.0,,6001.0,1.255,887.064
TOI-3135 b,13.65253849,1292.0,464.0,5890.0,0.985,221.673
HR 858 d,2.001,1061.0,,6354.0,1.258,31.964
Kepler-1859 c,1.66,1327.0,732.82,5887.0,1.235,1331.25
CoRoT-32 b,6.38913,938.0,132.26,5970.0,0.79,576.683
TOI-481 b,11.09691,1370.0,,5735.0,1.66,179.366
MASCARA-1 b,17.90074218,2594.3,,7490.0,2.082,182.273
Kepler-1987 b,1.23,997.0,233.38,4769.0,0.714,595.683
Kepler-42 d,0.57,450.0,,3068.0,0.17,40.0595
WASP-20 b,16.388,1379.0,,5940.0,1.392,211.877
Kepler-323 c,1.57,1431.0,700.0,6004.0,1.12,454.883
WASP-2 b,12.116929,1311.0,492.0,5180.0,0.866,153.242
K2-350 b,1.54,1158.0,,5789.0,1.04,489.368
HATS-26 b,19.61575,1918.0,,6071.0,2.04,861.843
TOI-4010 d,6.18,650.0,30.0,4960.0,0.83,177.504
WASP-153 b,17.37395,1700.0,1400.0,5914.0,1.73,610.176
TOI-3593 b,11.02963701,1170.0,308.0,5550.0,0.918,226.63
TOI-532 b,5.82,867.0,94.1,3927.0,0.612,135.047
TOI-1898 b,9.39553231,674.54,,6241.0,1.6131,79.6682
TOI-2443 b,2.363,519.0,,4375.0,0.631,23.9258
K2-198 c,1.423,1229.9,,5212.9,0.757,110.567
HATS-77 b,13.05846252,828.3,78.37,4071.0,0.6428,436.176
Qatar-4 b,12.722215,1385.0,614.0,5215.0,0.849,329.036
TOI-561 c,2.865,802.0,67.5,,0.843,85.799
K2-266 c,0.705,664.5,32.4,4285.0,0.703,77.5586
TOI-2031 A b,14.20177855,1358.0,567.0,6490.0,1.241,276.105
Kepler-452 b,1.63,265.0,1.1,5757.0,1.11,551.727
TOI-1064 b,2.587,784.0,62.9,4734.0,0.726,68.0726
HATS-47 b,12.520453,852.9,87.73,4512.0,0.6564,300.67
Kepler-1998 b,0.6,1187.0,468.31,5640.0,0.921,340.965
TOI-1266 b,2.52,415.0,,3563.0,0.4232,36.0118
K2-12 b,2.44,1026.0,185.0,5672.0,1.117,326.381
EPIC 249893012 b,1.95,1616.0,1037.0,5430.0,1.71,321.296
HATS-51 b,15.80469,1553.0,,5758.0,1.44,389.57
WASP-145 A b,10.0881,1200.0,,4900.0,0.68,91.299
NGTS-25 b,11.46678726,1101.0,,5321.0,0.86,521.233
Kepler-51 b,7.1,543.0,,6018.0,0.94,783.831
TOI-238 c,2.18,696.0,58.3,5059.0,0.733,80.5407
TOI-406.01,2.08,368.0,3.0,3392.0,0.41,31.0597
TOI-406 c,1.32,584.0,19.0,3392.0,0.41,31.0597
TOI-2537 b,11.25381662,338.0,,4870.0,0.771,184.986
TOI-238 b,1.559,1378.0,753.1,5059.0,0.756,80.5407
TOI-1685 b,1.421,1000.0,213.0,3470.0,0.462,37.6153
WASP-193 b,14.78464554,1250.0,402.0,6080.0,1.213,362.087
WASP-121 b,19.52604438,2409.0,,6628.0,1.461,269.898
HATS-13 b,13.585308,1244.0,,5523.0,0.887,421.855
TOI-6002 b,1.65,321.4,1.6823,3229.0,0.2432,32.0266
HAT-P-60 b,18.28184752,1772.0,1634.0,6212.0,2.197,233.22
TOI-5398 b,10.3,947.0,,6000.0,1.051,130.855
TOI-220 b,3.03,805.0,,5298.0,0.858,90.7402
Kepler-51 d,9.7,381.0,,6018.0,0.94,783.831
K2-151 b,1.49,566.0,,3695.0,0.45,69.4798
Kepler-426 b,12.22,1300.0,,5725.0,0.92,843.695
TOI-3693 b,12.59889431,801.0,68.6,5321.0,0.791,176.436
HIP 94235 b,3.0,1060.0,,5991.0,1.08,58.5146
Kepler-763 d,1.67,804.0,98.81,4999.0,0.843,962.459
HATS-29 b,14.022459,1212.0,,5670.0,1.073,353.891
TOI-2346 b,16.11851425,1689.0,1360.0,6480.0,1.38,437.484
HD 63433 d,1.073,1040.0,,5688.0,0.912,22.4035
HATS-3 b,15.48,1648.0,,6351.0,1.404,411.211
TOI-150.01,14.067295,1404.5,,6255.0,1.526,336.267
HATS-61 b,13.394755,1226.1,374.2,5542.0,1.664,679.761
Kepler-1181 c,1.83,1124.0,377.25,6688.0,1.347,938.417
K2-28 b,2.32,568.0,,3214.0,0.288,62.9969
HATS-52 b,15.490838,1834.0,,6010.0,1.046,555.134
K2-32 e,1.212,1066.0,,5271.0,0.86,157.682
K2-270 c,2.95,848.0,,4877.0,0.77,280.518
TOI-763 b,2.28,1038.0,,5450.0,0.897,95.1274
TOI-1883 b,5.65,524.92,,3477.0,0.494,115.369
CoRoT-6 b,13.068,1017.0,,6090.0,1.025,645.294
K2-344 b,1.59,722.0,,4374.0,0.49,75.1691
Wolf 327 b,1.24,996.0,233.9,3542.0,0.406,28.5321
Kepler-1983 b,2.33,807.0,100.13,5135.0,0.874,424.428
XO-5 b,12.78,1230.0,,5430.0,1.13,276.211
TOI-1452 b,1.672,326.0,1.8,3185.0,0.275,30.5212
TOI-4184 b,2.43,412.0,4.8,3238.0,0.2347,69.3649
WASP-188 b,14.81827249,1666.0,1278.0,6850.0,1.83,675.281
Kepler-1669 d,1.22,669.0,47.3,4224.0,0.603,543.444
TOI-815 c,2.62,469.0,8.03,4869.0,0.77,59.7117
WASP-154 b,10.76062147,994.0,162.0,4774.0,0.823,215.501
TOI-2384 b,11.48920522,889.7,104.3,3943.0,0.6113,191.51
HAT-P-53 b,14.773462,1778.0,,5956.0,1.209,666.802
TOI-4127 b,12.28504285,605.1,22.3,6096.0,1.293,319.632
TOI-2768 b,2.63,855.0,,4008.0,0.657,78.4525
HIP 97166 b,2.4801338,701.66,,5216.0,0.8418,65.9501
WASP-171 b,10.98482,1642.0,,5965.0,1.637,757.84
NGTS-31 b,18.04645893,1410.0,643.0,5710.0,1.7,497.376
TOI-3261 b,3.82,1722.0,1466.0,5068.0,0.849,300.141
CoRoT-19 b,14.46,2000.0,,6090.0,1.65,790.663
HATS-2 b,12.57647635,1550.0,,,0.876,341.925
CoRoT-24 b,3.7,1070.0,,4950.0,0.86,591.555
TOI-1416 b,1.62,1517.0,883.0,4884.0,0.793,55.0135
K2-17 b,2.23,487.0,,4320.0,0.66,125.106
TOI-1194 b,8.71664516,1264.29,,5394.0,0.9608,149.667
TOI-3919 b,12.31866979,1198.0,,6100.0,1.319,604.591
Kepler-1610 c,2.09,433.0,8.34,5295.0,0.8,864.331
NGTS-33 b,18.38272835,1991.0,2620.0,7437.0,1.47,437.855
TOI-4600 b,6.8,347.0,,5170.0,0.81,216.056
LP 791-18 d,1.032,395.5,5.83,2960.0,0.182,26.4927
TOI-5319 b,2.83,695.0,,3580.0,0.485,61.171
K2-250 b,2.71257333,1003.0,,5003.0,0.797,414.708
HD 28109 c,4.23,585.2,,6120.0,1.446,139.611
HD 206893 c,16.36511182,1181.9,,,,40.7583
K2-38 b,1.54,1266.0,426.0,5731.0,1.06,192.69
WASP-116 b,13.67495645,1414.0,663.0,6250.0,1.426,559.243
HD 42813 b,3.41,716.0,74.7,5289.0,0.98,68.192
TOI-2580 b,17.37392009,2410.0,1730.0,6120.0,1.81,379.253
WASP-85 A b,13.89916,1452.0,,6112.0,0.935,141.887
EPIC 211822797 b,1.92,431.0,,4057.0,0.58,186.197
K2-293 b,2.45,750.0,,5532.0,0.947,392.251
Kepler-68 c,0.979,1052.0,204.0,5847.0,1.2564,144.166
K2-228 b,1.21,914.0,,4715.0,0.65,129.46
Kepler-1992 b,0.91,637.0,38.99,5383.0,0.842,532.955
HATS-55 b,14.022459,1367.0,,6214.0,1.126,609.838
K2-271 b,7.28,893.0,,5644.0,0.99,564.454
Kepler-412 b,15.031269,1850.0,,5750.0,1.287,1086.24
HATS-69 b,10.592505,1295.7,466.6,5137.0,0.8785,414.537
WASP-65 b,12.464,1480.0,,5600.0,1.01,273.703
K2-358 b,2.68,888.0,,5650.0,0.91,480.307
K2-79 b,4.09,1022.0,181.0,5897.0,1.265,256.011
K2-268 d,1.49,888.0,,5106.0,0.78,327.783
TOI-519 b,11.54525012,687.0,,3322.0,0.35,115.557
K2-123 b,2.76,338.0,,4035.0,0.59,161.555
TOI-6038 A b,6.41,1439.0,716.0,6110.0,1.648,179.147
K2-337 b,2.62,850.0,,5869.0,1.32,421.636
TOI-1130 c,13.0,650.0,,4360.0,0.697,58.2609
TOI-1807 b,1.49681583,1694.1,,4914.0,0.746,42.5775
WASP-149 b,15.24421375,1855.0,1966.0,5750.0,1.08,211.73
HIP 113103 c,2.4,585.0,,4930.0,0.742,46.2122
TOI-954 b,9.550068,1526.0,1393.0,5710.0,1.892,238.768
L 98-59 c,1.329,526.0,12.7,3415.0,0.3155,10.6194
K2-294 b,1.66,1425.0,,5612.0,1.2,373.078
K2-211 b,1.33162691,1873.0,,5117.0,0.818,272.297
TOI-2992 b,13.75341932,1726.0,1484.0,6000.0,1.545,542.026
TOI-3688 A b,13.08088048,1534.0,924.3,5950.0,1.302,396.378
TOI-5803 b,3.2732,678.87,,5134.0,0.7625,84.0126
K2-350 c,2.74,687.0,,5789.0,1.04,489.368
TOI-2000 c,8.14,1038.0,149.0,5611.0,1.134,175.713
HATS-64 b,18.819911,1793.0,1711.0,6554.0,2.113,1080.15
K2-119 b,2.53,666.0,,4740.0,0.71,365.581
TOI-1273 b,11.09689089,1211.0,,5690.0,1.06,177.118
TOI-4773 b,15.22179579,2255.0,,6740.0,1.55,492.888
KELT-9 b,21.196219,4050.0,44900.0,10170.0,2.362,204.455
K2-141 b,1.51,2103.0,3260.0,4570.0,0.681,61.8736
Kepler-90 i,1.32,709.0,,6015.0,1.29,848.254
Kepler-2001 c,1.82,597.0,30.1,5081.0,0.77,776.55
TOI-3523 A b,15.9727975,1984.0,2590.0,6450.0,1.448,645.294
K2-155 b,1.8,708.0,,4258.0,0.58,72.7998
TOI-5110 b,11.98240037,976.0,,6160.0,2.333,392.259
Wendelstein-1 b,11.5609626,2198.0,,4251.0,0.61,305.3
Kepler-74 b,10.76,1078.0,,6000.0,1.12,1177.55
TOI-451 c,3.1,875.0,,5550.0,0.879,123.739
TOI-1836 c,2.59987579,2007.6,,6237.0,1.6454,191.649
K2-111 b,1.82,1309.0,490.0,5775.0,1.25,200.394
Kepler-1991 c,2.57,634.0,38.27,5478.0,1.053,855.82
K2-32 b,5.299,837.0,,5271.0,0.86,157.682
TOI-2416 b,9.86390302,1080.0,,5808.0,1.236,557.733
TOI-5388.01,1.89426,601.35,3.3023,3495.0,0.31,18.5226
HATS-10 b,10.861521,1407.0,,5880.0,1.105,534.889
K2-265 b,1.70824866,1366.0,,5420.0,0.92,138.671
LHS 1140 c,1.272,422.0,5.3,3096.0,0.2159,14.9861
K2-258 b,3.0,831.0,,6351.0,1.31,661.873
PH2 b,9.33708092,295.1,1.2,5734.0,0.949,343.863
HD 207897 b,2.34302132,581.75,,5106.0,0.7827,28.2938
K2-197 b,2.56,848.0,,5667.0,0.93,247.637
TOI-6000 b,0.94,1120.0,,3419.0,0.38,75.7664
TOI-4860 b,8.7,694.0,42.5,3260.0,0.358,80.1423
HATS-23 b,20.84874,1654.0,,5780.0,1.199,639.004
K2-270 b,1.38,1203.0,,4877.0,0.77,280.518
K2-260 b,18.41635529,2090.0,,6860.0,1.755,663.834
TOI-2458 b,2.83,1509.4,865.0,6005.0,1.31,112.958
TOI-1669 c,2.2963977,1285.16,,5497.0,1.0561,111.276
TOI-2196 b,3.51,1860.0,2000.0,5634.0,1.043,259.947
K2-166 b,2.19,1140.0,,5960.0,1.61,476.882
K2-37 b,1.39,949.0,193.0,5352.0,0.809,179.943
TOI-1742 b,2.36507598,694.09,,5815.0,1.131,72.8871
K2-5 b,1.91,565.0,24.1,3930.0,0.57,202.943
WASP-132 b,10.09929161,682.0,58.5,4686.0,0.758,122.91
LHS 475 b,0.991,586.0,,3300.0,0.2789,12.4814
TOI-2096 c,1.914,349.0,3.7,3300.0,0.235,48.4809
HD 23472 c,1.87,467.0,7.96,4684.0,0.71,39.0341
TOI-1246 c,2.45109846,862.49,,5213.0,0.8649,169.422
TOI-2497 b,11.14172682,1595.0,,7360.0,2.36,285.289
K2-155 d,1.9,381.0,,4258.0,0.58,72.7998
HIP 8152 b,2.53625843,794.96,,5618.0,0.9603,101.694
TOI-286 c,1.88,475.0,,5152.0,0.78,59.2293
K2-322 b,1.92,635.0,,4141.0,0.602,123.415
CoRoT-35 b,18.83108758,1747.0,,6390.0,1.65,1123.21
K2-154 b,1.99,715.0,,4097.0,0.63,129.356
TOI-1333 b,15.647764,1679.0,,6274.0,1.925,200.492
TOI-1438 c,2.75,794.0,65.0,5230.0,0.82,110.513
HAT-P-58 b,14.93036229,1622.0,1146.0,6078.0,1.53,515.59
TOI-2322 c,1.874,496.8,10.15,4664.0,0.662,59.861
TOI-559 b,12.22899794,1180.0,,5925.0,1.233,233.266
Kepler-39 b,13.9,897.0,,6350.0,1.4,1057.41
K2-192 b,1.52,939.0,,5222.0,0.81,221.753
KELT-4 A b,19.044091,1823.0,1840.0,6206.0,1.603,218.05
HAT-P-54 b,10.581296,818.0,,4390.0,0.617,143.651
TOI-2088 b,3.6831179,300.33,,5081.0,0.8481,126.46
WASP-123 b,14.773462,1520.0,,5740.0,1.285,197.996
K2-332 b,2.2,266.0,,3315.0,0.28,123.202
WASP-69 b,11.21,971.0,,4792.0,0.801,49.9605
TOI-2345 c,2.451,544.0,14.57,4687.0,0.729,81.6541
KELT-18 b,17.59813,2085.0,3152.0,6670.0,1.908,321.376
Kepler-656 c,1.41,975.0,213.25,5550.0,0.954,890.352
TOI-1695 b,1.9,698.0,39.0,3690.0,0.515,45.1309
HAT-P-32 b,22.19382,1835.7,1841.0,6001.0,1.367,289.205
KPS-1 b,11.54527,1459.0,729.0,5165.0,0.907,262.706
WASP-50 b,13.069694,1394.84,,5400.0,0.843,184.848
K2-241 b,2.55,507.0,,5262.0,0.75,149.464
K2-352 b,1.37,1160.0,,5791.0,0.95,176.051
TOI-5634 A b,10.42,837.0,77.0,3896.0,0.54,306.144
TOI-628 b,11.88154,1586.0,,6250.0,1.345,178.68
TOI-257 b,7.16253867,1027.0,186.0,6095.0,1.867,76.9028
TOI-260 b,1.71,493.0,,4026.0,0.607,20.1852
K2-208 b,1.67462172,1122.0,,5500.0,0.872,256.887
TOI-5713 b,1.77,347.2,2.2554,3225.0,0.2992,40.8668
K2-34 b,13.75,1687.0,,6168.0,1.42,348.646
K2-193 b,3.95,739.0,,5817.0,0.98,411.923
HD 23472 d,0.75,909.0,117.0,4684.0,0.71,39.0341
HATS-40 b,17.71022,2101.0,,6460.0,2.26,1342.29
TOI-2583 A b,14.4595851,1456.0,750.9,5936.0,1.477,566.189
Kepler-880 c,2.87,1407.0,926.72,6900.0,2.599,601.324
TOI-1803 c,4.29,588.0,22.0,4687.0,0.715,119.24
K2-268 b,1.5,1136.0,,5106.0,0.78,327.783
HD 15906 b,2.24,668.0,33.14,4757.0,0.762,45.5621
WASP-55 b,14.72860064,1342.0,504.0,6096.0,1.09,297.462
TOI-431 b,1.28,1862.0,,4850.0,0.731,32.5686
K2-139 b,9.11,524.0,,5370.0,0.88,153.856
K2-43 b,4.51,939.3,,3840.6,0.542,182.536
WASP-138 b,12.21781,1590.0,,6272.0,1.36,414.234
K2-220 b,2.37,761.0,79.7,5612.0,1.026,233.514
Kepler-42 c,0.73,720.0,,3068.0,0.17,40.0595
Kepler-102 b,0.46,857.0,90.0,4909.0,0.724,107.796
TOI-122 b,2.72,471.0,8.8,3403.0,0.334,62.118
HD 106315 b,2.44,1153.0,,6327.0,1.296,109.353
K2-85 b,1.4,1355.0,800.0,4232.0,0.71,97.2179
Kepler-62 b,1.31,750.0,,4925.0,0.64,300.874
TOI-4600 c,9.42,191.0,,5170.0,0.81,216.056
TOI-4336 A b,2.12,308.0,1.5,3298.0,0.328,22.5455
EPIC 212297394 b,1.48,1149.0,,5171.0,0.8,418.395
CoRoT-18 b,14.68,1550.0,,5440.0,1.0,764.889
CoRoT-27 b,11.287,1500.0,,5900.0,1.08,1010.28
TOI-1260 d,3.12,499.0,10.32,4227.0,0.672,73.5977
TOI-1749 c,2.12,673.0,,3985.0,0.55,99.5561
TOI-1794 b,3.29701268,992.91,,5631.0,1.3162,155.791
TOI-6695 b,9.52763359,599.0,,6400.0,1.517,282.536
K2-26 b,2.67,430.0,5.8,3785.0,0.52,99.0504
TOI-904 b,2.426,429.43,,3770.2,0.527,46.0891
K2-246 b,3.49,977.0,,5610.0,0.94,703.616
WASP-92 b,16.376349,1871.0,,6280.0,1.341,575.889
TOI-3980 b,14.4595851,1621.0,1153.0,5840.0,1.626,486.721
TOI-5301 b,13.09208946,1648.0,,6240.0,2.19,629.161
EPIC 211945201 b,5.76,817.0,,6069.0,1.39,181.69
K2-30 b,11.646151,1092.0,,5425.0,0.844,333.042
K2-316 b,1.33,841.0,,3436.0,0.379,112.486
K2-268 f,2.23,492.0,,5106.0,0.78,327.783
K2-114 b,10.59248676,701.4,,4899.0,0.832,475.758
HIP 41378 c,2.727,757.0,54.0,6320.0,1.273,106.289
HD 219666 b,4.898,1076.0,,5540.0,1.059,94.1719
TOI-5126 b,4.74,1442.0,467.0,6150.0,1.241,160.414
NGTS-20 b,11.99360935,688.0,,5980.0,1.78,382.898
K2-90 b,2.6,502.0,,4484.0,0.619,134.188
Qatar-6 b,11.903958,1006.0,,5052.0,0.722,100.848
TOI-2322 b,0.994,603.1,22.04,4664.0,0.662,59.861
K2-3 d,1.458,305.2,1.44,3844.0,0.546,44.0727
TOI-2152 A b,14.35870428,1802.0,,6630.0,1.612,303.006
KOI-984 b,4.3,1022.0,,5295.0,0.818,252.667
AU Mic c,2.52202066,459.0,7.3,3678.0,0.744,9.7221
HD 110067 c,2.388,699.0,,5266.0,0.788,32.1585
TOI-2134 c,7.27,306.0,1.4,4580.0,0.709,22.6202
TOI-1260 c,2.76,651.0,29.81,4227.0,0.672,73.5977
HAT-P-45 b,15.984,1652.0,,6330.0,1.319,298.64
TOI-1386 b,6.2163865,615.03,,5735.0,1.0235,146.858
TOI-5293 A b,11.9,675.0,34.6,3586.0,0.52,162.229
Kepler-102 d,1.154,686.0,36.9,4909.0,0.724,107.796
WASP-155 b,13.45077684,1468.0,771.0,5660.0,1.24,399.63
WASP-110 b,13.19297028,1158.0,279.0,5392.0,0.853,274.96
HATS-28 b,13.383546,1253.0,,5498.0,0.922,535.383
K2-419 A b,10.55,377.0,3.3,3711.0,0.541,268.685
Kepler-1985 b,2.27,1129.0,382.68,5370.0,0.966,
TOI-332 b,3.2,1871.0,,5251.0,0.87,222.852
TOI-2338 b,11.2089807,799.0,,5581.0,1.05,313.996
Wolf 503 b,2.043,790.0,,4716.0,0.689,44.526
TOI-6303 b,11.59,541.0,14.28,3977.0,0.609,152.219
NGTS-21 b,14.90794433,1357.0,,4660.0,0.86,592.891
K2-325 b,2.2,423.0,,3287.0,0.298,111.638
WASP-80 b,11.197791,825.0,,4143.0,0.586,49.7876
TOI-5126 c,3.86,971.0,96.0,6150.0,1.241,160.414
HATS-1 b,14.594,1359.0,,5870.0,1.038,283.971
Kepler-553 c,11.57887706,251.0,0.589,5191.0,0.902,728.525
K2-357 b,3.72,735.0,,5794.0,1.0,517.687
K2-188 c,2.83,1026.0,,5977.0,1.19,446.821
Kepler-61 b,2.15,273.0,,4017.0,0.62,335.079
HD 25463 c,1.36354953,1585.57,,6353.0,1.4182,45.6181
WASP-183 b,16.47723,1111.0,,5313.0,0.871,325.377
HATS-22 b,10.682177,858.0,,4803.0,0.689,229.518
K2-249 b,2.79,1061.0,,6504.0,1.57,521.716
HD 15906 c,2.93,532.0,13.37,4757.0,0.762,45.5621
WTS-1 b,16.7,1500.0,,6250.0,1.15,2346.01
TOI-1411 b,1.19880592,976.4,,4115.0,0.614,32.4778
K2-157 b,0.935,2432.0,6660.0,5334.0,0.86,298.373
TOI-4443.01,1.7193265,1638.82,1194.2104,5834.0,1.01733,56.0739
WASP-83 b,11.65736,1120.0,,5510.0,1.05,271.103
TOI-2719 b,5.98,1710.0,,5762.0,1.69,588.368
TOI-4602.01,2.550449,1380.27,603.6935,6011.9,1.15664,63.0637
TOI-1693 b,1.41,764.0,,3499.0,0.46,30.7947
TOI-4603 b,11.67975789,1677.0,1192.0,6264.0,2.738,225.643
TOI-776 c,2.047,420.0,,3725.0,0.547,27.1701
GPX-1 b,16.47720163,2300.0,4650.0,7000.0,1.56,655.013
NGTS-12 b,11.747032,1257.0,416.0,5690.0,1.589,446.442
TOI-2134 b,2.69,666.0,32.0,4580.0,0.709,22.6202
HD 219134 f,1.31,522.6,12.38,4699.0,0.778,6.53127
PDS 70 b,30.48848,1204.0,,3972.0,,113.064
K2-285 d,2.48,619.9,24.61,4975.0,0.787,154.961
HD 93963 A c,3.11976057,1212.45,,5908.0,1.0311,82.3432
HD 22946 d,2.607,546.0,18.561,6169.0,1.117,62.7792
K2-259 b,2.32,795.0,,6059.0,1.13,416.457
TOI-1683.01,2.6382,929.25,163.056,4402.0,0.7,51.1884
K2-195 b,3.13,720.0,,5713.0,0.99,315.014
Kepler-1996 c,2.81,276.0,1.38,4580.0,0.675,440.561
WASP-151 b,13.30506009,1312.0,,,1.181,453.099
K2-285 e,1.95,500.9,10.5,4975.0,0.787,154.961
K2-277 b,2.18575124,1049.0,,5680.0,0.973,113.123
TOI-3023 b,16.43236571,1596.0,1084.0,5760.0,1.668,389.916
Kepler-278 c,3.268,492.0,54.3,4965.0,2.861,443.03
WASP-90 b,18.27067,1840.0,,6430.0,1.98,466.433
Kepler-1834 c,1.22,1541.0,1334.22,4821.0,0.788,500.395
Kepler-43 b,13.663771,1620.0,,6041.0,1.42,1005.84
Kepler-1987 c,1.33,860.0,129.44,4769.0,0.714,595.683
HD 219134 b,1.602,1015.0,176.2,4699.0,0.778,6.53127
TOI-3493 b,3.22,1102.0,245.0,5844.0,1.228,96.7224
K2-317 b,2.93,432.0,,3387.0,0.379,176.291
Kepler-4 b,4.002,1650.0,,5857.0,1.487,487.916
Qatar-10 b,17.295487,1955.0,,6124.0,1.254,559.068
K2-329 b,8.675766,650.0,45.7,5282.0,0.822,233.237
Kepler-311 d,2.05,327.0,2.71,5903.0,1.156,778.654
HD 5278 b,2.45,943.0,132.0,6203.0,1.194,57.5846
TIC 237913194 b,12.520453,974.0,,5788.0,1.088,306.063
HATS-30 b,13.170575,1414.0,,5943.0,1.061,342.14
TOI-880 c,4.95,805.0,,5050.0,0.83,60.6679
GJ 414 A c,8.4,124.7,,4120.0,0.68,11.8893
TOI-1743 b,1.83,485.0,,3277.0,0.338,41.2758
Kepler-69 b,2.24,779.0,,5638.0,0.93,730.625
TOI-1135 b,9.34085,1074.28,254.894,5962.7,1.15,114.048
TOI-329 b,4.94057819,1213.02,,5614.0,1.5326,284.388
Kepler-10 b,1.47,2188.0,,5708.0,1.065,185.506
HD 191939 d,2.995,540.0,14.3,5348.0,0.94,53.6089
Kepler-1661 b,3.87,243.0,0.88,5100.0,0.762,410.607
TOI-2570 b,13.64132951,1431.0,699.0,5771.0,1.095,361.857
K2-32 d,3.484,550.0,,5271.0,0.86,157.682
K2-43 c,2.42,1093.7,,3840.6,0.542,182.536
TOI-4155 b,3.21,1255.0,,5724.0,0.95,240.737
K2-316 c,1.83,423.0,,3436.0,0.379,112.486
K2-73 b,2.58,968.0,209.0,5867.0,1.058,269.183
TOI-1751 b,2.9507845,651.64,,5970.0,1.3137,113.335
K2-389 b,2.33,932.0,179.0,5773.0,1.094,259.208
HATS-4 b,11.433,1315.0,,5403.0,0.925,416.459
TOI-763 c,2.63,800.0,,5450.0,0.897,95.1274
K2-136 c,3.0,470.0,11.91,4500.0,0.677,59.2474
GJ 414 A b,2.63,308.6,,4120.0,0.68,11.8893
K2-388 b,3.9,874.0,138.0,5310.0,0.91,290.495
TOI-1431 b,16.70138124,2370.0,5300.0,7690.0,1.92,148.925
WASP-79 b,17.14974047,1716.2,,6600.0,1.51,246.69
WASP-178 b,20.28829,2470.0,,9360.0,1.67,427.678
TOI-913 b,2.4528,712.01,,4969.0,0.7325,65.1769
HD 25463 b,2.54535814,1198.46,,6353.0,1.4182,45.6181
DS Tuc A b,5.7,850.0,,5428.0,0.964,44.0622
TOI-2427 b,1.8,1117.0,,4072.0,0.65,28.5147
K2-263 b,2.41,470.0,8.17,5368.0,0.85,162.481
TOI-2295 b,16.47720163,747.0,,5730.0,1.459,126.279
WASP-76 b,20.78145022,2228.0,4104.0,6329.0,1.756,194.459
K2-27 b,4.74,836.0,116.0,5246.0,0.876,249.645
TOI-2986 b,9.292245,1622.0,1156.0,5906.0,1.458,563.149
Kepler-167 d,1.238,538.0,,4884.0,0.749,341.908
TOI-2194 b,1.9892,590.88,,4756.0,0.6909,19.5711
CoRoT-14 b,12.22,1952.0,,6035.0,1.21,1744.6
Kepler-435 b,22.31,1729.0,,6161.0,3.21,1418.77
Kepler-725 b,10.8,514.0,12.1,5395.0,0.88,758.469
TOI-125 b,2.726,1037.0,185.0,5320.0,0.848,111.059
TOI-2803 A b,18.11371281,1893.0,2150.0,6280.0,1.245,494.818
TOI-1199 b,10.5140239,1486.0,,5710.0,1.45,248.427
WASP-53 b,12.038466,1053.0,,4953.0,0.798,201.338
TOI-1288 b,4.96846551,1203.44,,5388.0,0.9583,114.865
HAT-P-63 b,12.5428494,1237.0,387.4,5400.0,0.9661,403.458
K2-356 b,2.29,624.0,,5568.0,0.86,355.54
Kepler-167 e,10.16,134.4,,4884.0,0.749,341.908
K2-189 c,2.31,877.0,140.0,5442.0,0.879,242.113
TOI-1801 b,2.079,493.7,,3863.0,0.547,30.6796
K2-185 b,1.15,809.0,,5788.0,0.94,268.357
K2-37 c,2.41,839.0,118.0,5352.0,0.809,179.943
WASP-156 b,6.02802815,934.5,,4987.0,0.8268,122.066
HD 20329 b,1.72,2141.0,3474.0,5596.0,1.13,63.6796
K2-99 b,11.88151954,1184.0,,6069.0,2.55,519.229
K2-110 b,2.592,638.0,27.7,5010.0,0.713,116.474
HATS-16 b,14.5717,1592.0,,5738.0,1.238,757.044
Kepler-138 c,1.51,410.0,6.8,3841.0,0.535,66.8624
WASP-25 b,13.80946422,1217.0,341.0,5697.0,0.884,211.416
TOI-6324 b,1.059,1216.0,,3247.0,0.293,20.5488
TOI-3877 b,11.67975789,1445.0,729.0,5731.0,1.445,493.77
HATS-38 b,6.882326,1294.0,464.7,5732.0,1.105,343.525
Kepler-20 e,0.821,1004.0,169.8,5495.0,0.9164,282.563
WISEP J121756.91+162640.2 A b,10.468,450.0,,575.0,0.091,
CFHTWIR-Oph 98 b,20.8487041,1800.0,,2320.0,0.245,
Kepler-1989 b,4.62,904.0,157.97,6032.0,1.06,1252.13
TOI-778 b,15.4,1561.0,,6643.0,1.71,161.743
K2-18 b,2.37,284.0,,3457.0,0.411,38.0266
TOI-2285 b,1.77,358.0,3.91,3491.0,0.464,42.409
K2-226 b,1.53899305,1187.0,,5288.0,0.889,211.265
Kepler-1704 b,11.94877343,253.8,0.342,5746.0,1.697,835.455
K2-255 b,2.9,1034.0,,4676.0,0.69,191.608
HATS-34 b,16.02887,1445.0,,5380.0,0.98,508.842
K2-351 b,2.54,934.0,,5769.0,1.05,694.734
WASP-139 b,8.9672,910.0,,5310.0,0.8,212.472
TOI-2714 b,13.72,1603.0,,5665.0,1.25,597.873
TOI-1696 b,3.09,489.0,,3185.0,0.2775,64.9172
WASP-64 b,14.247,1689.0,,5400.0,1.058,369.926
TOI-1823 b,7.5406241,423.63,,4927.0,0.8049,71.6456
TOI-2158 b,10.76062147,1188.0,,5673.0,1.41,198.473
WASP-163 b,13.473218,1638.0,1200.0,5500.0,1.015,261.386
TOI-5153 b,11.88151954,906.0,,6300.0,1.4,390.484
HATS-41 b,14.90797,1710.0,,6424.0,1.71,737.668
TOI-2010 b,11.81426566,400.2,4.09,5929.0,1.079,109.19
HIP 41378 b,2.595,959.0,140.0,6320.0,1.273,106.289
TOI-1203 b,1.52,1361.2,572.2,5737.0,1.179,64.9943
K2-199 c,2.85,694.0,38.6,4491.0,0.682,107.518
HATS-5 b,10.223,1025.0,,5304.0,0.871,246.384
HAT-P-25 b,12.722215,1182.0,325.0,5519.0,0.919,300.384
TOI-3331 A b,12.97999965,1488.0,818.5,5609.0,0.952,217.193
K2-181 b,2.69,949.0,192.0,5528.0,1.06,360.911
Kepler-37 b,0.3098,718.0,44.5,5357.0,0.789,63.9207
Kepler-1987 e,1.92,643.0,40.33,4769.0,0.714,595.683
HATS-49 b,8.574885,834.8,80.45,4405.0,0.6977,324.413
TOI-561 e,2.517,416.0,4.89,,0.843,85.799
Kepler-553 b,4.74139884,1089.0,235.0,5191.0,0.902,728.525
HATS-42 b,15.6926,1856.0,,6060.0,1.48,800.377
TOI-3682 b,12.80065596,1657.0,1258.0,5703.0,1.735,404.211
TOI-5350 b,12.41955062,1195.0,,6220.0,1.263,277.419
TOI-6016 b,13.67495645,1890.0,940.0,6110.0,1.51,364.715
K2-204 b,3.17214154,1148.0,,5783.0,1.253,577.235
TOI-836 c,2.587,665.0,26.707,4552.0,0.665,27.5024
HAT-P-65 b,18.05766791,1818.0,1821.0,5872.0,1.666,738.519
TOI-2025 b,11.89272852,1166.0,,5977.0,1.459,335.985
Kepler-40 b,13.11,1620.0,,6510.0,2.13,2305.01
TOI-512 b,1.54,1009.0,127.0,5277.0,0.89,67.3975
HD 80653 b,1.613,2463.0,6130.0,5959.0,1.22,109.86
Kepler-1649 c,1.06,234.0,0.75,3240.0,0.2317,92.1913
LTT 3780 c,2.39,359.0,2.76,3358.0,0.38,21.9814
TOI-1266 c,1.98,346.0,,3563.0,0.4232,36.0118
TOI-2257 b,2.194,256.0,,3430.0,0.313,57.7911
TOI-5181 A b,13.34989601,1585.0,1053.0,6060.0,1.53,480.155
TOI-2445 b,1.25,1060.0,,3333.0,0.27,48.582
TOI-4961 b,12.34108775,919.0,115.0,5380.0,0.912,213.073
Kepler-62 c,0.54,578.0,,4925.0,0.64,300.874
TOI-4463 A b,13.26022417,1395.0,633.0,5640.0,1.062,173.117
XO-7 b,15.389957,1743.0,1540.0,6250.0,1.48,234.149
Kepler-77 b,10.761,1440.0,,5520.0,0.99,639.411
K2-87 b,7.6,979.0,,5747.0,1.401,491.242
K2-285 b,2.59,1088.9,234.31,4975.0,0.787,154.961
K2-232 b,11.209,1030.0,,6154.0,1.161,130.72
HATS-66 b,15.815899,1998.0,2637.0,6626.0,1.841,1477.98
HD 63935 b,2.91575244,825.22,,5513.0,0.9598,48.9739
TOI-674 b,5.25,635.0,38.4,3514.0,0.42,46.0851
TOI-1860 b,1.31,1885.0,,5752.0,0.94,45.864
K2-279 b,1.21,879.0,,5558.0,0.86,182.983
HD 6061 b,2.42763557,1075.31,,5934.0,1.0072,67.6203
TOI-3321 b,15.55806521,1616.0,,5850.0,1.549,285.895
HATS-8 b,9.785457,1324.0,,5679.0,1.086,794.637
NGTS-8 b,12.21781,1345.0,503.0,5241.0,0.98,428.976
K2-264 c,2.668,331.0,,3660.0,0.473,185.605
HD 106315 c,4.35,886.0,,6327.0,1.296,109.353
TOI-2374 b,6.81,885.0,,4802.0,0.69,134.655
K2-330 b,2.77,969.0,,6232.0,1.5,160.125
TOI-1855 b,18.49481816,1701.0,,5359.0,1.041,176.833
HATS-63 b,13.529263,1398.3,634.1,5627.0,1.07,623.232
Kepler-109 b,2.49,1276.0,442.0,5950.0,1.387,474.861
HD 135344 A b,16.25302201,1585.0,,9540.0,1.5,141.595
Kepler-1980 b,2.21,564.0,23.95,5819.0,0.99,1709.4
TOI-1736 b,3.18175535,1099.79,,5636.0,1.4286,88.9482
TOI-2236 b,14.36991326,1688.0,1356.0,6248.0,1.573,355.59
TOI-1753 b,2.47852533,1005.43,,5621.0,0.9715,226.671
WASP-102 b,14.90794433,1671.0,1293.0,5990.0,1.375,535.689
TOI-1670 c,11.06326395,684.0,,6170.0,1.316,168.067
TOI-5082.01,2.54811,1164.91,254.588,5670.0,0.93,43.1406
TOI-1468 b,1.401,683.5,36.4,3376.0,0.3714,24.7399
TOI-1775 b,8.04728896,707.89,,5284.0,0.8288,149.234
Kepler-1990 c,0.98,1170.0,442.08,5751.0,1.071,392.739
TOI-1846 b,1.792,568.1,17.35,3568.0,0.397,47.2496
K2-8 c,2.41,801.0,97.8,4870.0,0.74,403.513
MASCARA-4 b,16.98160576,2250.0,,7800.0,1.79,170.696
WASP-159 b,15.46842,1850.0,,6120.0,2.11,715.383
TrES-5 b,13.383546,1480.0,,5171.0,0.868,360.313
WASP-129 b,10.42437,1100.0,,5900.0,0.9,301.462
TOI-2886 b,18.6405349,1978.0,2560.0,6240.0,1.241,413.673
XO-6 b,23.20263,1577.0,,6720.0,1.93,235.479
Kepler-37 c,0.755,615.0,23.9,5357.0,0.789,63.9207
K2-274 b,2.08,655.0,,5044.0,0.7,228.327
HD 110067 d,2.852,602.0,,5266.0,0.788,32.1585
TOI-1442 b,1.17,1072.0,,3330.0,0.31,41.1659
TOI-480 b,2.85372018,1198.94,,6174.0,1.4877,54.5306
NGTS-32 b,15.91675259,1750.0,1554.0,5680.0,1.85,837.457
K2-245 b,4.34,923.0,,5793.0,1.25,456.064
WASP-98 b,12.823096,1171.0,,5473.0,0.741,281.742
TOI-4364 b,2.01,488.0,,3528.0,0.4684,43.9662
Kepler-78 b,1.201,2223.0,4070.0,5058.0,0.7475,124.376
TOI-3884 b,6.43,441.0,6.29,3180.0,0.302,43.1448
WASP-185 b,14.01125,1160.0,,5900.0,1.5,279.35
HAT-P-19 b,11.29865255,981.2,154.0,4962.0,0.773,202.078
K2-239 b,1.1,502.0,,3420.0,0.36,31.0849
K2-248 b,2.57,886.0,,5528.0,0.92,406.254
K2-154 c,2.07,552.0,,4097.0,0.63,129.356
Kepler-278 b,3.955,586.0,110.0,4965.0,2.861,443.03
TOI-3160 A b,13.7646283,1539.0,933.0,6190.0,1.346,567.678
TOI-757 b,2.5,641.0,,5278.0,0.78,60.3418
NGTS-9 b,11.99363,1448.0,729.0,6330.0,1.38,609.128
HD 86226 c,2.16,1311.0,,5863.0,1.053,45.683
GJ 9827 d,1.98,675.0,34.9,4236.0,0.58,29.661
TOI-2093 c,2.3,329.0,,4426.0,0.729,82.7982
K2-257 b,0.83,789.0,,3725.0,0.5,64.0065
CoRoT-1 b,16.7,1898.0,,5950.0,1.11,787.909
WASP-177 b,17.71022,1142.0,,5017.0,0.885,176.818
KELT-16 b,15.860735,2453.0,,6236.0,1.36,444.586
K2-229 c,2.03,750.0,,5315.0,0.79,102.564
TOI-1811 b,11.14172682,962.2,,4766.0,0.769,128.23
Kepler-37 d,2.03,499.0,10.39,5357.0,0.789,63.9207
HAT-P-12 b,10.749,963.0,,4650.0,0.701,142.751
NGTS-2 b,17.878355,1468.0,,6478.0,1.702,356.391
Kepler-1653 b,2.17,284.0,0.98,4807.0,0.693,
WASP-104 b,12.745,1516.0,,5475.0,0.963,185.932
TOI-5616 b,10.78,939.0,137.0,3996.0,0.646,390.415
Qatar-3 b,12.285064,1681.0,1330.0,6007.0,1.272,735.601
Kepler-107 d,0.86,1173.0,315.0,5854.0,1.447,525.997
WASP-52 b,14.24,1315.0,,5000.0,0.79,174.818
TOI-640 b,19.2794468,1816.0,,6460.0,2.082,341.997
K2-29 b,13.33871,1171.0,,5358.0,0.86,178.475
K2-66 b,2.49,1372.0,840.0,5887.0,1.67,513.877
TOI-4559 b,1.415,554.16,15.77,3558.0,0.374,31.6354
TOI-1052 b,2.87,1135.0,246.0,6146.0,1.264,129.804
TOI-5218 b,9.86,783.0,62.0,4230.0,0.708,377.483
EPIC 212297394 c,2.27,866.0,,5171.0,0.8,418.395
TOI-2015 b,3.309,530.9,13.185,3297.0,0.3273,47.3444
LHS 1140 b,1.73,226.0,0.43,3096.0,0.2159,14.9861
TOI-1453 b,1.173,944.2,132.6,4975.0,0.72,78.7415
TOI-5232 b,12.778238,1772.0,,6500.0,1.785,609.388
K2-315 b,0.95,460.0,7.45,3300.0,0.196,56.9686
TOI-5205 b,11.6,737.0,49.0,3430.0,0.394,86.4493
TOI-3807 b,18.49481816,1646.0,1230.0,5772.0,1.468,421.745
NGTS-13 b,12.800678,1605.0,1096.0,5819.0,1.788,647.595
TOI-3082 b,3.6621,1032.78,,4263.0,0.6847,113.048
Kepler-730 b,12.3299,1219.0,,5620.0,1.411,1935.04
K2-281 b,8.18,665.0,,4812.0,0.76,458.139
GJ 1214 b,2.733,567.0,17.2,3101.0,0.2162,14.6427
HIP 67522 b,9.9872018,1175.0,,5675.0,1.38,127.28
HIP 67522 c,7.93595834,917.0,,5675.0,1.38,127.28
HD 63433 c,2.692,678.92,,5553.0,0.934,22.4035
TOI-283 b,2.34,661.0,30.4,5213.0,0.85,82.7013
SPECULOOS-3 b,0.977,553.0,15.54,2800.0,0.123,
WASP-33 b,17.855937,2781.7,,7430.0,1.444,121.944
GJ 357 b,1.2,518.0,,3505.0,0.337,9.44181
TOI-270 b,1.28,600.0,,3506.0,0.38,22.4793
TOI-270 c,2.33,489.0,,3506.0,0.38,22.4793
TOI-270 d,2.0,383.0,,3506.0,0.38,22.4793
TOI-756 b,2.81,934.0,127.0,3657.0,0.505,86.1759
K2-188 b,1.35,1692.0,,5977.0,1.19,446.821
HATS-68 b,13.809488,1741.0,1521.0,6147.0,1.748,603.955
KELT-11 b,15.13212395,1712.0,,5375.0,2.69,99.1596
V1298 Tau d,6.41,845.0,85.0,,1.345,108.199
K2-62 c,1.99,495.0,14.3,4455.0,0.696,112.467
HD 101581 c,0.99,747.0,52.0,4675.0,0.63,12.7781
WASP-84 b,10.72,732.0,,,0.768,100.588
WASP-174 b,16.10730527,1528.0,901.9,6399.0,1.347,410.149
LTT 9779 b,4.72,1978.0,,5443.0,0.949,80.4373
K2-9 b,2.25,314.0,1.36,3390.0,0.31,82.9631
NGTS-24 b,13.60770257,1499.0,,5820.0,1.64,683.062
TOI-1824 b,2.7438269,528.67,,5165.0,0.8123,59.4314
K2-167 b,2.36509493,1220.0,,6310.0,1.499,80.8994
Kepler-51 c,9.0,439.0,,6018.0,0.94,783.831
HAT-P-43 b,13.63,1353.0,,5693.0,1.08,528.825
TOI-1064 c,2.651,634.0,26.8,4734.0,0.726,68.0726
TOI-4087 b,13.04725353,1458.0,753.9,6060.0,1.112,301.676
WASP-46 b,13.159366,1636.0,,5600.0,0.858,375.31
TOI-261.01,3.0449863,1722.49,874.7956,5890.3,1.28018,114.495
K2-124 b,2.9,442.0,,3570.0,0.388,140.385
K2-121 b,7.16,716.0,62.5,4526.0,0.675,169.398
HD 77946 b,2.89646124,1128.86,,6007.0,1.3174,99.451
K2-318 b,1.66,456.0,,3851.0,0.552,147.866
Kepler-69 c,1.71,299.0,,5638.0,0.93,730.625
TOI-1443 b,2.30381001,520.66,,5224.0,0.7511,85.8034
HATS-54 b,11.37711541,1429.0,,5621.0,1.23,748.585
GJ 238 b,0.566,758.0,,3485.0,0.4314,15.2142
WASP-7 b,14.90797,1487.0,,6400.0,1.432,162.303
TOI-3235 b,11.39953337,604.0,,3388.8,0.3697,72.811
HIP 65 A b,22.75427,1411.0,661.0,4590.0,0.7242,61.7856
TOI-1451 b,2.61143902,723.33,,5801.0,1.0162,91.9362
CoRoT-12 b,16.14,1442.0,,5675.0,1.116,1126.37
LHS 3844 b,1.303,805.0,70.1,3036.0,0.189,14.8846
K2-345 b,2.11,437.0,,3779.0,0.52,162.408
WTS-2 b,15.277867,2000.0,,5000.0,0.752,
Kepler-1814 c,1.76,1711.0,2011.27,4922.0,0.823,726.346
K2-131 b,1.69,2223.0,4070.0,5120.0,0.7595,152.509
K2-335 b,2.21,949.0,,6222.0,1.33,557.993
Kepler-117 c,12.341,704.0,,6150.0,1.606,1455.57
TOI-3464 b,13.7646283,1693.0,1370.0,6370.0,1.56,597.774
TOI-561 d,2.615,600.0,21.2,,0.843,85.799
WASP-84 c,1.95,1329.0,,,0.768,100.588
TOI-2207 b,11.1529358,1259.0,406.0,6101.0,1.564,373.345
WASP-45 b,10.603714,1153.0,294.0,5150.0,0.855,211.196
TOI-2977 b,13.15934334,1544.0,947.8,5691.0,1.073,
NGTS-17 b,13.89913607,1457.0,1160.0,5650.0,1.337,1040.28
Kepler-1921 c,1.41,1791.0,2436.47,6120.0,2.0,928.989
Kepler-101 b,5.77,1513.0,,5667.0,1.56,927.981
WD 1856+534 b,10.4,163.0,0.181,4710.0,0.0131,24.7359
GQ Lup b,33.6,2650.0,,,,151.169
Kepler-1471 c,1.88,841.0,118.5,5533.0,1.166,978.678
K2-16 c,2.54,485.0,13.1,4742.0,0.66,334.967
HATS-71 b,11.478016,586.8,,3405.0,0.4783,140.225
TOI-1438 b,3.04,971.0,145.0,5230.0,0.82,110.513
TOI-3912 b,14.28024141,1512.0,872.2,5725.0,1.392,465.992
WASP-195 b,10.31226224,1522.0,890.0,6300.0,1.578,484.852
Kepler-42 b,0.78,519.0,,3068.0,0.17,40.0595
Kepler-323 b,1.381,1838.0,1900.0,6004.0,1.12,454.883
Kepler-8 b,15.871944,1680.0,,6213.0,1.486,1021.87
K2-416 b,2.66,447.0,,3746.0,0.554,120.311
Kepler-1990 b,3.27,1554.0,1372.87,5751.0,1.071,392.739
HAT-P-44 b,13.922,1108.0,,5295.0,0.949,347.85
HD 101581 b,0.956,834.0,80.0,4675.0,0.63,12.7781
HATS-17 b,8.709393,814.0,72.7,5846.0,1.091,400.331
HAT-P-70 b,20.96083,2562.0,,8450.0,1.858,330.739
K2-174 b,2.6,455.0,,4455.0,0.676,99.9293
WASP-119 b,15.6926,1600.0,,5650.0,1.2,302.448
K2-11 b,7.55,734.0,,5433.0,5.15,329.309
TOI-470 b,4.34,660.0,,5190.0,0.831,130.46
Kepler-1487 c,7.97,991.0,227.68,5745.0,3.955,1014.62
TOI-4465 b,14.01122587,427.0,,5545.0,1.014,121.139
KELT-12 b,19.95202,1800.0,1749.0,6279.0,2.37,368.03
Kepler-538 b,2.215,417.0,5.07,5534.0,0.8717,155.956
TOI-5799 b,1.733,505.0,,3452.0,0.321,27.8123
K2-242 b,2.54,416.0,,3459.0,0.37,109.237
TOI-1295 b,15.69257298,2360.0,1800.0,6280.0,1.7,388.227
HATS-70 b,15.513256,2730.0,9110.0,7930.0,1.881,1458.83
TOI-3714 b,11.32107051,750.0,54.0,3660.0,0.51,112.71
WASP-89 b,11.65736,1120.0,,5130.0,0.88,290.946
CoRoT-9 b,11.948794,420.0,,5625.0,0.96,412.98
K2-6 b,2.5,615.0,,5850.0,0.96,316.819
HD 118203 b,12.778238,1361.0,,5742.0,2.04,92.2589
K2-198 b,4.189,715.8,,5212.9,0.757,110.567
Kepler-21 b,1.639,2015.0,2749.0,6305.0,1.902,108.522
K2-266 b,3.3,1515.0,879.5,4285.0,0.703,77.5586
HD 95338 b,3.89,385.0,7.42,5212.0,0.87,36.9941
Kepler-865 c,0.89,914.0,164.98,5440.0,0.885,586.137
Kepler-427 b,13.79,1100.0,,5800.0,1.35,1017.8
TOI-3976 A b,12.27383387,1295.0,469.0,5975.0,1.501,516.087
KOI-4777.01,0.51,1180.0,320.0,3515.0,0.4,172.245
HAT-P-20 b,9.718,970.0,,4595.0,0.694,71.0374
HD 110113 b,2.05,1371.0,735.49,5732.0,0.968,106.307
K2-243 c,2.01,801.0,,6570.0,1.39,266.864
Kepler-411 c,4.421,838.0,,,0.82,153.676
Kepler-87 b,13.49,478.0,,5600.0,1.82,1232.9
CoRoT-5 b,15.558,1438.0,,6100.0,1.186,882.472
HAT-P-67 b,23.370765,1903.0,,6406.0,2.546,371.686
K2-224 b,1.56,1002.0,,5620.0,0.84,275.255
GJ 486 b,1.289,696.3,39.2,3317.0,0.3243,8.07426
Kepler-423 b,13.361,1605.0,,5560.0,0.95,758.753
TOI-771 b,1.36,543.0,14.0,3370.0,0.232,25.2788
K2-95 b,3.31,474.0,,3566.0,0.4,179.854
OGLE-TR-132 b,13.45,2013.0,,6210.0,1.32,2012.62
HD 73583 b,2.79,714.0,43.3,4511.0,0.65,31.5666
TOI-6223 b,5.07,714.0,,3895.0,0.576,133.122
K2-155 c,2.6,583.0,,4258.0,0.58,72.7998
Kepler-22 b,2.1,279.0,1.013,5596.0,0.869,194.642
Kepler-107 c,1.597,1378.0,602.0,5854.0,1.447,525.997
TOI-904 c,2.167,217.26,,3770.2,0.527,46.0891
HAT-P-37 b,13.204,1271.0,,5500.0,0.877,390.594
K2-280 b,7.5,787.0,,5500.0,1.28,391.537
K2-152 b,2.29,337.0,,4044.0,0.61,108.449
TOI-1201 b,2.415,703.0,40.6,3476.0,0.508,37.8871
TOI-2981 b,13.4,1358.0,,5940.0,1.08,527.789
K2-285 c,3.53,741.4,50.35,4975.0,0.787,154.961
TOI-2180 b,11.32107051,348.0,2.71,5695.0,1.636,116.685
HD 219134 c,1.511,782.0,62.1,4699.0,0.778,6.53127
Kepler-1979 b,29.33,683.0,51.32,5942.0,0.938,1076.27
KOI-94 b,1.71,1486.0,,6182.0,1.52,477.052
TOI-411 c,2.328,931.0,156.75,6169.0,1.117,62.7792
KELT-17 b,17.093725,2087.0,,7454.0,1.645,226.5
WASP-157 b,11.19,1193.0,,5772.0,1.1,334.037
TOI-2447 b,9.60609646,414.0,,5730.0,1.006,148.987
TOI-5005 b,6.25,1040.0,226.0,5749.0,0.93,207.891
TOI-2266 b,1.54,550.0,13.0,3200.0,0.24,51.6004
CoRoT-4 b,13.34,1074.0,,6190.0,1.17,726.412
TOI-3071 b,7.16,2155.0,,6177.0,1.31,485.219
K2-342 b,2.03,861.0,,5920.0,1.09,208.357
TOI-2076 c,3.69441587,543.16,,5192.0,0.796,41.9091
TOI-1346 b,2.39,1324.0,,5099.0,0.78,115.45
K2-14 b,4.81,488.0,,3789.0,0.45,364.048
HIP 29442 c,1.551,1123.0,451.0,5289.0,0.98,68.192
K2-348 b,3.26,908.0,,5077.0,0.85,201.856
TOI-5300 b,9.86390302,1043.0,198.0,4610.0,0.65,162.51
WASP-181 b,13.271456,1186.0,,5839.0,0.965,437.495
TOI-1268 b,9.1,918.9,,5300.0,0.92,109.557
HD 56414 b,3.71,1133.0,,8500.0,1.751,272.217
K2-101 b,2.0,618.0,,4927.0,0.76,188.33
CoRoT-26 b,14.12,1600.0,,5590.0,1.79,1045.18
TOI-451 d,4.07,722.0,,5550.0,0.879,123.739
K2-224 c,2.41,764.0,,5620.0,0.84,275.255
Kepler-5 b,15.984034,1750.0,,6297.0,1.793,899.777
Kepler-434 b,12.67,1000.0,,5977.0,1.38,1222.54
Kepler-111 c,7.0840758,352.2,2.48,5914.0,1.145,657.223
HATS-7 b,6.310667,1084.0,,4985.0,0.815,240.707
K2-147 b,1.47286006,1077.0,,3690.0,0.578,90.5494
TOI-654.01,2.378,794.0,65.0,3521.0,0.43,57.7553
TOI-2260 b,1.62,2609.0,,5534.0,0.94,101.251
TOI-5027 b,10.76062147,1056.0,,5909.0,0.92,204.429
TOI-5795 b,5.62,1136.78,,5715.0,1.082,156.53
Kepler-425 b,10.962,1070.0,,5170.0,0.86,646.647
K2-127 b,8.37,809.0,,4575.0,0.66,709.999
OGLE-TR-56 b,15.278,2212.0,,6050.0,1.363,
K2-199 b,1.73,913.0,116.2,4491.0,0.682,107.518
NGTS-15 b,12.32987877,1146.0,425.0,5600.0,0.954,786.485
HD 219134 d,1.61,410.5,4.72,4699.0,0.778,6.53127
WASP-6 b,12.5428494,1167.0,288.0,5438.0,0.79,197.119
TOI-5542 b,11.30986153,441.0,9.6,5700.0,1.058,348.849
HD 28109 d,3.25,506.5,,6120.0,1.446,139.611
K2-97 b,13.45077684,1566.0,,4673.0,4.14,878.43
HIP 29442 d,1.538,920.0,203.0,5289.0,0.98,68.192
TIC 139270665 b,7.22979255,703.0,40.3,5844.0,1.016,189.875
HATS-36 b,12.92,1203.0,,5950.0,1.1,856.436
K2-268 c,2.69,696.0,,5106.0,0.78,327.783
K2-286 b,2.1,347.0,,3926.0,0.62,76.1486
Kepler-454 b,2.37,916.0,117.7,5687.0,1.066,230.869
WASP-59 b,8.687,670.0,,4650.0,0.613,115.936
TOI-2421 b,10.36830715,1534.0,923.6,5607.0,1.75,327.927
Kepler-1987 d,2.66,744.0,72.38,4769.0,0.714,595.683
TOI-5800 b,2.46,1108.0,,4850.0,0.773,42.9052
TOI-5882 b,11.46678726,1515.0,,5920.0,2.26,416.104
WASP-93 b,17.900773,1942.0,,6700.0,1.524,370.284
TOI-1899 b,11.09689089,378.0,3.4,3926.0,0.607,128.438
K2-320 b,2.62,698.0,,3157.0,0.3,108.74
HATS-37 A b,6.792654,1085.0,229.7,5326.0,0.877,211.896
K2-105 b,3.4,805.0,100.0,5373.0,0.905,197.989
HD 207496 b,2.25,743.0,72.9,4819.0,0.769,23.606
K2-184 b,1.47,533.0,,5245.0,0.75,75.5857
K2-55 b,4.43,900.0,141.3,4300.0,0.715,159.522
TOI-4137 b,13.57407563,1570.0,1013.0,6202.0,1.438,334.993
HIP 9618 c,3.42855926,470.31,,5649.0,0.9593,67.5478
K2-288 B b,1.9,226.36,,3341.0,0.32,65.6138
K2-341 b,3.21,598.0,,5817.0,1.16,421.408
K2-244 b,1.75,638.0,,5677.0,0.92,212.902
TOI-715 b,1.55,234.0,0.67,3075.0,0.24,42.4048
CoRoT-22 b,4.88,885.0,,5939.0,1.136,627.158
PDS 70 c,22.86636,995.0,,3972.0,,113.064
TOI-163 b,16.690201,1669.0,,6495.0,1.648,411.719
TOI-1420 b,11.89,957.0,139.0,5510.0,0.923,201.918
K2-268 e,1.33,801.0,,5106.0,0.78,327.783
TOI-3894 b,15.27784069,1531.0,,6000.0,1.502,417.365
TOI-198 b,1.44,368.0,,3650.0,0.441,23.7262
K2-352 d,2.23,727.0,,5791.0,0.95,176.051
TOI-1759 b,3.14,443.0,6.39,4065.0,0.597,40.0654
TOI-132 b,3.42,1395.0,860.0,5397.0,0.9,163.678
TOI-892 b,11.99363,1397.0,,6261.0,1.39,340.543
K2-284 b,2.78,653.0,42.6,4140.0,0.607,107.272
K2-158 b,2.64,794.0,,5503.0,0.95,197.299
Kepler-1655 b,2.213,938.0,129.1,6148.0,1.03,213.26
L 168-9 b,1.63,998.0,,3842.0,0.604,25.1496
Kepler-1126 c,1.45,305.0,2.06,5678.0,0.921,635.736
K2-189 b,1.403,1203.0,497.0,5442.0,0.879,242.113
HATS-57 b,12.767051,1413.4,,5587.0,0.96,279.485
K2-107 b,15.98,1649.0,,6061.0,1.81,685.2
K2-168 b,1.86,766.35,,5502.7,0.83,243.935
Kepler-167 c,1.674,771.0,,4884.0,0.749,341.908
HAT-P-62 b,12.02723629,1512.0,867.2,5629.0,1.17,348.815
Kepler-62 e,1.61,270.0,,4925.0,0.64,300.874
Kepler-19 b,2.209,851.0,87.6,5541.0,0.859,218.562
K2-36 b,1.43,1328.0,519.0,4916.0,0.718,109.749
K2-355 b,2.25,1066.0,,5790.0,0.92,500.497
V1298 Tau c,5.59,968.0,146.0,,1.345,108.199
HATS-67 b,18.887165,2193.0,3821.0,6594.0,1.441,960.109
TOI-4342 b,2.266,633.6,26.9,3901.0,0.599,61.5204
TOI-2364 b,8.60849718,1091.0,237.0,5306.0,0.886,219.614
K2-283 b,3.52,1186.0,,5060.0,0.82,402.915
TOI-1710 b,5.20315158,602.99,,5684.0,0.9574,81.2271
K2-275 b,2.34,1166.0,,4841.0,0.69,123.438
Kepler-102 f,0.861,495.0,10.0,4909.0,0.724,107.796
EPIC 248847494 b,12.44199,183.0,0.19,4898.0,2.7,551.886
Kepler-1491 c,2.44,530.0,18.66,5626.0,1.389,2065.59
Kepler-1995 b,4.28,375.0,4.66,5029.0,0.93,595.331
HAT-P-42 b,14.348,1428.0,,5743.0,1.53,405.238
TOI-1221 b,2.91,440.0,6.06,5592.0,1.031,138.411
GJ 367 b,0.699,1365.0,579.0,3522.0,0.458,9.41263
K2-108 b,5.33,1360.0,,5599.0,1.76,477.295
Kepler-62 d,1.95,510.0,,4925.0,0.64,300.874
K2-198 d,2.438,943.2,,5212.9,0.757,110.567
K2-276 b,3.77,583.0,,5139.0,0.85,488.152
K2-185 c,2.39,477.0,,5788.0,0.94,268.357
NGTS-16 b,14.57167491,1177.0,480.0,5550.0,1.213,898.168
K2-247 c,2.19,688.0,,4667.0,0.69,258.113
K2-3 c,1.582,371.8,3.17,3844.0,0.546,44.0727
HAT-P-52 b,11.309881,1218.0,,5131.0,0.893,361.155
TOI-1853 b,3.46,1479.0,,4985.0,0.808,165.105
CoRoT-17 b,11.43,1626.0,,5740.0,1.59,1176.12
KELT-10 b,15.681391,1377.0,600.0,5948.0,1.209,188.404
G 9-40 b,1.9,440.6,6.27,3395.0,0.3026,27.9276
K2-353 b,5.55,735.0,,5698.0,0.99,268.515
Kepler-1052 c,2.3,302.0,1.96,5818.0,0.848,943.444
TOI-1347 b,1.8,1400.0,,5464.0,0.83,147.476
LP 714-47 b,4.7,700.0,,3950.0,0.584,52.616
HD 203030 b,14.4595851,1040.0,,,,39.2503
EPIC 212737443 b,2.586,536.0,,4684.0,0.673,336.25
KOI-1833 d,2.58,613.0,,4413.0,0.667,290.324
TOI-6651 b,5.09,1493.0,817.0,5940.0,1.721,212.128
EPIC 246851721 b,11.780659,1401.0,642.0,6202.0,1.586,372.632
HAT-P-36 b,14.313893,1780.97,,5620.0,1.041,294.419
HAT-P-28 b,13.585,1384.0,,5680.0,1.103,401.319
WASP-184 b,14.90797,1480.0,,6000.0,1.65,663.231
TOI-6086 b,1.18,634.0,26.8,3200.0,0.259,31.4566
KOI-94 d,11.27,806.0,,6182.0,1.52,477.052
Kepler-1999 b,3.29,577.0,26.17,4406.0,0.628,701.255
TOI-1518 b,21.01683881,2492.0,,7300.0,1.95,225.888
HATS-25 b,14.12334,1277.0,,5715.0,1.107,471.158
Kepler-1996 b,2.26,392.0,5.61,4580.0,0.675,440.561
TOI-2095 c,1.33,297.0,1.84,3759.0,0.44,41.9176
K2-290 b,3.06,1230.0,,6302.0,1.511,272.909
TOI-712 b,2.049,650.0,22.6,4622.0,0.674,58.6212
WASP-10 b,12.106,1370.0,,4675.0,0.698,140.998
WASP-57 b,11.76945,1338.0,,5600.0,0.927,398.276
Kepler-430 b,3.25,667.0,,5884.0,1.485,917.477
TOI-4342 c,2.415,508.9,11.18,3901.0,0.599,61.5204
TOI-1272 b,4.13204907,975.0,,5065.0,0.7934,137.572
TOI-2019 b,5.33275337,917.46,,5626.0,1.7457,198.007
TOI-2641 b,18.10250383,1387.0,602.0,6100.0,1.336,344.045
K2-10 b,3.773,649.0,42.1,5533.0,0.956,272.36
HATS-14 b,11.646151,1276.0,,5346.0,0.933,513.011
WASP-167 b,17.71022,2329.0,,7000.0,1.79,423.552
Kepler-80 g,1.13,418.0,,4540.0,0.678,369.451
TOI-1468 c,2.126,338.1,2.13,3376.0,0.3714,24.7399
LP 890-9 b,1.32,396.0,4.09,2850.0,0.1556,32.4298
TOI-2076 e,1.355,1138.0,,5192.0,0.796,41.9091
TOI-3785 b,5.14,582.0,19.1,3576.0,0.5,79.7634
WASP-175 b,13.540472,1571.0,,6229.0,1.204,539.36
TOI-4153 b,16.11851425,1669.0,,6860.0,1.605,423.84
TOI-1224 b,2.104,541.0,,3326.0,0.404,37.3312
K2-264 b,2.231,496.0,,3660.0,0.473,185.605
WASP-173 A b,13.4508,1880.0,,5800.0,1.11,232.98
HD 89345 b,7.39794,1089.0,,5576.0,1.747,132.345
K2-240 c,1.8,389.0,,3810.0,0.54,72.9105
K2-287 b,9.494023,804.0,,5695.0,1.07,158.335
HAT-P-69 b,18.786284,1930.0,,7394.0,1.926,341.263
TOI-125 d,2.93,638.1,26.7,5320.0,0.848,111.059
K2-324 b,2.43,707.0,,3752.0,0.505,136.667
KOI-134 b,12.03844527,659.0,45.0,6160.0,1.667,1159.21
Kepler-849 b,8.08167508,362.7,2.86,5950.0,1.822,822.134
HATS-11 b,18.03,1596.0,,6563.0,1.54,944.603
HATS-60 b,12.923977,1528.0,903.9,5688.0,1.46,486.474
TOI-5704 b,3.2274,949.07,,4590.0,0.7575,89.637
TOI-776 b,1.798,520.0,,3725.0,0.547,27.1701
TOI-564 b,11.43318,1714.0,1423.0,5640.0,1.088,199.581
NGTS-14 A b,4.976796,1143.0,,5187.0,0.842,322.148
HD 137496 b,1.31,2130.0,,5799.0,1.59,155.317
TOI-1246 b,3.01,955.0,196.0,5151.0,0.86,169.422
TOI-1107 b,14.57167491,1728.0,532.0,6311.0,1.81,281.314
HD 93963 A b,1.46954368,1842.23,,5908.0,1.0311,82.3432
NGTS-18 b,13.56286665,1381.0,845.0,5610.0,1.392,1096.19
TOI-1472 b,4.15964583,811.14,,5133.0,0.8377,121.84
TOI-2128 b,2.08874836,780.53,,5968.0,1.1174,36.578
TOI-615 b,18.97680433,1666.0,1286.0,6850.0,1.732,360.408
TOI-969 b,2.765,941.0,188.0,4435.0,0.671,77.2554
Kepler-864 c,1.62,1532.0,1305.04,6213.0,1.195,2022.9
TOI-1249 b,3.2710301,726.89,,5497.0,0.9785,139.49
K2-292 b,2.63,795.0,67.0,5725.0,1.09,114.293
TOI-262 b,2.07,584.0,,5310.0,0.853,43.932
EPIC 220674823 b,1.676,2299.0,4656.0,5578.0,0.99,244.59
K2-343 c,2.02,465.0,,3804.0,0.46,166.169
TOI-1448 b,2.749,426.0,5.45,3412.0,0.38,73.3345
TOI-1937 A b,13.97759893,2097.0,3230.0,5814.0,1.08,415.135
Kepler-138 d,1.51,345.0,3.4,3841.0,0.535,66.8624
Kepler-549 d,4.2,586.0,27.93,5312.0,0.986,635.145
Kepler-730 c,1.56926,1607.0,,5620.0,1.411,1935.04
Qatar-9 b,11.309881,1134.0,,4309.0,0.696,213.771
Kepler-1869 c,0.74,1455.0,1056.84,5808.0,0.902,113.025
TOI-1231 b,3.65,329.6,1.93,3553.0,0.476,27.6227
TOI-6008 b,1.03,707.0,41.5,3075.0,0.242,23.1008
WASP-169 b,14.616536,1604.0,,6110.0,2.011,627.066
TOI-1259 A b,11.45557828,963.0,,4775.0,0.711,118.106
WASP-75 b,14.235,1710.0,,6100.0,1.26,294.001
K2-153 b,2.0,497.0,,3845.0,0.53,143.125
TOI-3540 A b,23.53885947,1498.0,841.3,5810.0,1.228,
WASP-168 b,16.8135,1340.0,,6000.0,1.12,303.941
TOI-2328 b,9.97599282,842.0,,5525.0,0.9,231.782
TOI-2368 b,10.83908434,1000.0,,5360.0,0.846,210.915
TOI-2587 A b,12.07207221,1445.0,728.0,5760.0,1.726,373.675
TOI-2796 b,17.26183028,1205.0,352.0,5764.0,1.069,350.343
Kepler-290 d,0.86,1589.0,1503.79,5142.0,0.755,694.627
Kepler-2000 c,1.57,359.0,3.92,3757.0,0.576,320.588
Kepler-7 b,18.180998,1630.0,,5933.0,1.966,922.562
Kepler-38 b,4.3,475.0,,5623.0,1.752,1174.59
HD 23472 e,0.818,723.0,46.7,4684.0,0.71,39.0341
TOI-3364 b,12.22899794,1264.0,425.0,5706.0,1.419,277.899
TOI-2485 b,12.1393261,1134.0,275.6,,1.72,397.953
NGTS-1 b,14.90797,790.0,65.3,3916.0,0.573,218.121
TOI-3568 b,5.3,899.0,,4969.0,0.719,197.906
TOI-3984 A b,7.9,563.0,16.7,3476.0,0.47,108.883
K2-289 b,9.1,753.0,,5529.0,1.025,274.3
K2-57 b,2.30905002,635.8,,4413.0,0.671,264.213
Kepler-1976 b,12.21,1103.0,349.4,5712.0,1.082,1314.51
EPIC 212737443 c,2.69,316.0,,4684.0,0.673,336.25
Kepler-76 b,15.24424,2140.0,,6409.0,1.32,822.96
Kepler-1978 b,2.67,676.0,49.3,5251.0,0.778,865.512
K2-253 b,12.67,1238.0,,6027.0,1.1,876.565
WASP-189 b,18.14733975,3353.0,,8000.0,2.36,99.731
NGTS-30 b,10.40193409,500.0,,5455.0,0.913,238.377
Kepler-167 b,1.718,918.0,,4884.0,0.749,341.908
Kepler-1162 c,1.81,401.0,6.14,5225.0,0.859,940.211
EPIC 212587672 c,2.32,658.0,,6004.0,0.98,320.07
TOI-431 d,3.29,633.0,,4850.0,0.731,32.5686
WASP-142 b,17.14977,2000.0,,6010.0,1.64,730.933
K2-352 c,1.92,885.0,,5791.0,0.95,176.051
TOI-6330 b,10.89,495.0,9.97,3539.0,0.49,139.042
HD 191939 c,3.195,600.0,21.0,5348.0,0.94,53.6089
TOI-907.01,9.6158851,1846.6,1729.6714,6272.0,2.059789,312.529
TOI-286 b,1.42,979.0,,5152.0,0.78,59.2293
TOI-4994 b,8.54124329,717.6,40.0,5640.0,1.055,329.304
TOI-5386 A b,14.70618268,1488.0,817.0,6094.0,1.245,394.486
Kepler-391 c,2.88,662.0,179.0,5038.0,2.879,869.236
LP 791-18 b,1.212,564.3,24.14,2960.0,0.182,26.4927
TOI-4145 A b,13.30506009,1074.0,223.0,5281.0,0.859,205.387
Kepler-1986 b,1.89,579.0,26.62,5549.0,0.732,912.085
HD 23472 f,1.137,630.0,26.3,4684.0,0.71,39.0341
NGTS-5 b,12.733424,952.0,,4987.0,0.739,306.779
Kepler-409 b,1.199,438.0,6.15,5421.0,0.897,68.173
TOI-5817 b,3.08,950.0,,5770.0,1.427,80.7542
NGTS-23 b,14.20177855,1327.0,,6057.0,1.24,1074.95
TOI-1453 c,2.224,819.8,75.3,4975.0,0.72,78.7415
HATS-58 A b,12.273855,1721.0,,7175.0,1.433,403.591
TOI-2524 b,11.2089807,1100.0,,5831.0,1.119,438.842
K2-347 b,2.41,640.0,,4599.0,0.63,320.336
TOI-1670 b,2.06,1062.0,,6170.0,1.316,168.067
EPIC 229004835 b,2.332,804.0,69.7,5868.0,0.999,121.971
HIP 65426 b,16.8135,1500.0,,8840.0,1.77,108.875
Kepler-431 d,1.11,856.0,,6004.0,1.092,486.546
HD 260655 b,1.24,709.0,42.2,3803.0,0.439,10.0055
Kepler-896 c,3.15,515.0,16.56,5510.0,0.803,2334.93
K2-278 b,2.98,1711.0,,6747.0,1.61,786.439
WASP-141 b,13.56289,1540.0,,5900.0,1.37,516.543
TIC 434398831 c,5.63,1050.0,,5638.0,0.909,217.011
TIC 88785435 b,5.03,635.0,,3998.0,0.911,122.386
Kepler-428 b,12.11,1070.0,,5150.0,0.8,686.284
HATS-43 b,13.22662,1003.0,,5099.0,0.812,362.273
Kepler-68 b,2.357,1275.0,441.0,5847.0,1.2564,144.166
TOI-5076 b,3.48935569,550.0,,4780.0,0.844,82.857
K2-354 b,1.56,543.0,,3669.0,0.41,91.722
K2-295 b,10.054473,852.0,,4444.0,0.7,232.801
EPIC 201595106 b,1.565,2038.0,2852.0,5679.0,0.98,232.1
Kepler-9 d,1.64,2026.0,,5777.0,1.02,628.257
WASP-44 b,12.3299,1337.0,533.0,5420.0,0.906,364.512
TOI-1298 b,9.65807033,1278.0,,5752.0,1.4536,319.036
TOI-7149 b,13.2,593.0,20.6,3363.0,0.351,126.126
TOI-1694 b,5.3422266,943.19,,5058.0,0.8036,124.68
HD 332231 b,9.07303305,798.3,,6128.0,1.266,80.6665
HD 136352 b,1.664,905.0,111.6,5664.0,1.058,14.682
Kepler-2001 b,1.04,1402.0,911.28,5081.0,0.77,776.55
HAT-P-64 b,19.08889413,1766.0,1611.0,6457.0,1.735,651.897
WASP-180 A b,13.89916,1540.0,,6600.0,1.19,253.985
Kepler-75 b,11.77,767.0,,5200.0,0.89,835.356
TOI-2076 b,2.39,738.0,49.4,5201.0,0.774,41.9091
TOI-1246 e,3.5141875,463.98,,5213.0,0.8649,169.422
Kepler-41 b,14.46,1790.0,,5750.0,1.29,1093.08
HD 110067 f,2.601,489.0,,5266.0,0.788,32.1585
TOI-561 b,1.397,2319.0,4709.0,,0.843,85.799
K2-7 b,4.03523305,786.0,,5700.0,1.533,738.553
TOI-663 d,1.92,482.0,12.9,3681.0,0.512,64.2308
Kepler-20 b,1.773,1187.0,331.0,5495.0,0.9164,282.563
K2-254 c,2.19,551.0,,4629.0,0.67,227.775
Kepler-433 b,16.25,1776.0,,6360.0,2.26,1878.31
Kepler-1977 b,1.66,798.0,95.61,4805.0,0.688,592.711
V1298 Tau b,10.27,677.0,35.0,,1.345,108.199
Kepler-44 b,12.22,1544.0,,5800.0,1.35,1188.0
TOI-1410.01,3.10083009,1236.7,,4635.0,0.7558,72.7512
TOI-4734 b,10.9175472,1468.0,775.0,6070.0,1.857,563.068
TOI-1248 b,6.8084859,952.09,,5205.0,0.8686,168.735
K2-333 b,6.18,826.0,,5880.0,1.22,343.99
KELT-20 b,19.514869,2262.0,4362.5,8720.0,1.565,136.426
Kepler-784 c,1.55,844.0,119.87,5676.0,1.487,1303.72
TOI-3837 b,10.87271128,1178.0,,5905.0,1.2,311.705
TOI-6054.02,2.82,1143.0,285.0,6047.0,1.662,79.407
Qatar-8 b,14.403565,1457.0,,5738.0,1.315,281.498
WASP-91 b,11.54527,1160.0,,4920.0,0.86,149.942
K2-415 b,1.015,412.4,4.82,3173.0,0.1965,21.8182
Kepler-1982 b,0.77,1282.0,638.38,6202.0,1.122,558.855
TOI-3757 b,12.0,759.0,55.4,3913.0,0.62,181.139
K2-237 b,16.06246934,1759.0,,6180.0,1.236,314.995
K2-339 b,1.92,508.0,,4857.0,0.72,360.36
Qatar-7 b,19.0553,2053.0,,6387.0,1.564,705.981
TIC 257060897 b,17.26183028,1775.0,,5993.0,1.863,505.703
TOI-4406 b,11.2089807,904.0,,6219.0,1.29,261.834
WASP-147 b,12.498035,1404.0,,5702.0,1.429,436.098
WASP-197 b,14.44837612,1665.0,1276.0,6050.0,2.112,483.675
TOI-836 b,1.704,871.0,78.838,4552.0,0.665,27.5024
CoRoT-25 b,12.11,1330.0,,6040.0,1.19,1103.48
TOI-2449 b,11.24,400.0,,6021.0,1.065,156.786
HAT-P-55 b,14.84069045,1367.0,583.0,5804.0,1.105,511.388
WASP-5 b,12.184,1706.0,,5700.0,1.029,309.137
HATS-59 b,12.621334,1128.0,269.0,5670.0,1.036,642.884
TOI-871 b,1.664,621.0,24.78,4929.0,0.719,68.0473
HATS-15 b,12.385945,1505.0,,5311.0,0.922,1139.55
HD 35843 c,2.54,479.0,,5666.0,0.897,69.6026
K2-261 b,9.26982704,1036.0,,5490.0,1.663,213.283
TOI-2407 b,4.26,705.0,41.0,3530.0,0.567,92.4366
Kepler-1997 b,2.28,660.0,44.86,6215.0,1.052,1502.34
Kepler-297 d,32.6,325.0,2.62,5618.0,0.897,692.14
WASP-172 b,17.59813,1740.0,,6900.0,1.91,538.11
EPIC 212587672 b,1.26,756.0,,6004.0,0.98,320.07
Kepler-1981 b,9.23,390.0,5.45,5874.0,3.006,659.395
TOI-125 c,2.759,827.8,77.59,5320.0,0.848,111.059
Kepler-10 c,2.355,579.0,,5708.0,1.065,185.506
TOI-2084 b,2.47,527.0,12.8,3551.0,0.475,114.549
TOI-1347 c,1.6,1000.0,,5464.0,0.83,147.476
K2-272 b,3.13,747.0,,5397.0,0.83,423.065
TOI-2969 b,12.32987877,1186.0,382.0,4738.0,0.7,163.996
TOI-3353.01,2.6667555,1264.36,313.0426,6365.0,1.0207,78.7577
TOI-1422 b,3.96,867.0,,5840.0,1.019,155.141
TOI-1269 b,2.40144286,1004.9,,5499.0,0.8521,172.138
HATS-12 b,7.76,1446.0,,6357.0,1.17,746.138
VHS J125601.92-125723.9 b,13.67495645,1194.0,,,,
TOI-2193 A b,19.83989584,1763.0,1600.0,5966.0,1.248,337.064
TOI-1749 d,2.52,533.0,,3985.0,0.55,99.5561
HAT-P-46 b,14.392,1458.0,,6120.0,1.396,290.736
TIC 393818343 b,12.18416202,805.5,2.28,5756.0,1.086,93.7345
WASP-161 b,12.811887,1557.0,990.0,6400.0,1.712,343.08
HATS-27 b,16.8135,1659.0,,6438.0,1.74,816.988
K2-238 b,14.5717,1587.0,,5630.0,1.59,537.963
HIP 41378 f,9.2,294.0,1.24,6320.0,1.273,106.289
WASP-4 b,15.12091496,1653.0,,,0.912,267.206
TOI-4914 b,12.87,894.0,,5805.0,1.0,299.89
TOI-500 b,1.166,1617.0,1138.0,4440.0,0.678,47.3924
TOI-2529 b,11.54525012,636.0,,5802.0,1.7,296.271
TOI-558 b,12.17295304,1061.0,,6466.0,1.496,402.63
Kepler-101 c,1.25,1413.0,,5667.0,1.56,927.981
TIC 46432937 b,13.31626907,872.0,,3572.0,0.5299,90.5369
HAT-P-4 b,14.28,1686.0,,5860.0,1.596,320.451
Kepler-1993 b,4.15,903.0,157.45,5159.0,3.062,1031.91
TOI-157 b,14.414774,1588.0,1062.0,5404.0,1.167,355.683
K2-115 b,11.80305668,696.0,,5870.0,0.855,413.591
WASP-18 b,13.89913607,2429.0,5805.0,6432.0,1.319,123.483
WASP-120 b,16.510857,1880.0,,6450.0,1.87,381.174
NGTS-11 b,9.157753,435.0,,5050.0,0.832,190.422
TOI-2081 b,2.04,488.0,8.1,3800.0,0.534,62.3446
L 98-59 d,1.627,416.0,4.97,3415.0,0.3155,10.6194
K2-331 b,1.79,909.0,,5994.0,1.06,211.43
TOI-3819 b,13.13692538,1633.0,1186.0,5859.0,1.538,558.141
K2-338 b,1.03,783.0,,4558.0,0.63,156.951
TOI-3856 b,13.59649359,1544.0,949.0,5622.0,1.055,314.443
K2-233 d,2.363,525.0,12.7,4796.0,0.71,67.5062
K2-126 b,1.97,601.0,,4339.0,0.65,102.953
WASP-190 b,12.89035,1500.0,,6400.0,1.6,542.251
HATS-56 b,18.920792,1902.0,,6536.0,2.201,564.409
K2-182 b,2.71257333,965.8,,5128.0,0.789,154.83
TOI-6478 b,4.6,204.4,,3230.0,0.234,38.6057
TOI-2373 b,10.42435205,860.0,,5651.0,1.102,508.686
TOI-782 b,2.734,435.0,5.91,3370.0,0.413,52.5122
TOI-4214 b,10.68215861,1642.0,1210.0,6370.0,1.434,346.881
TOI-2876 b,9.6397234,929.0,124.2,5271.0,0.873,225.744
WASP-113 b,15.793481,1496.0,,5890.0,1.608,435.156
HATS-18 b,14.896761,2069.48,,5600.0,1.02,624.368
WASP-176 b,16.869545,1721.0,,5941.0,1.925,568.42
K2-36 c,3.2,854.0,89.0,4916.0,0.718,109.749
TOI-4010 b,3.02,1441.0,714.0,4960.0,0.83,177.504
Qatar-2 b,14.056,1344.0,,4645.0,0.776,181.374
HAT-P-38 b,9.247,1082.0,,5330.0,0.923,255.206
Kepler-1654 b,9.180171,206.0,0.3,5597.0,1.179,568.117
HD 88986 b,2.49,460.0,,5861.0,1.543,33.2673
KELT-19 A b,21.40919,1935.0,2340.0,7500.0,1.83,300.276
HR 858 b,2.004,1552.0,,6354.0,1.258,31.964
Kepler-1988 b,1.53,1105.0,351.79,6033.0,1.788,513.426
TOI-2154 b,16.28664896,1580.0,,6280.0,1.396,296.46
TOI-1130 b,3.66,825.0,,4360.0,0.697,58.2609
TOI-4479 b,2.82,861.0,92.5,3400.0,0.451,80.6532
TOI-1203 d,2.918,743.6,51.0,5737.0,1.179,64.9943
WASP-158 b,11.99363,1590.0,,6350.0,1.39,524.993
WASP-194 b,15.47960235,1693.0,1365.0,6405.0,1.409,476.831
K2-269 b,1.57,1429.0,,6209.0,1.45,360.76
KELT-21 b,17.777474,2051.0,2950.0,7598.0,1.638,470.878
TOI-1439 b,4.2427861,748.4,,5841.0,1.6184,230.306
TOI-6628 b,10.98480109,833.0,,5463.0,1.01,320.527
WASP-130 b,9.97601,833.0,,5625.0,0.96,172.256
K2-122 b,1.16,769.0,,4009.0,0.59,72.0444
K2-133 e,1.73,296.0,1.8,3655.0,0.455,75.1703
KOI-1831 d,1.13,475.0,,5233.0,0.835,501.574
TOI-2076 d,3.43087751,457.68,,5192.0,0.796,41.9091
HAT-P-61 b,10.07687365,1505.0,849.5,5587.0,0.938,338.84
K2-266 e,2.73,490.1,9.581,4285.0,0.703,77.5586
TOI-1346 c,2.23,928.0,,5099.0,0.78,115.45
WASP-192 b,13.78707,1620.0,,5910.0,1.32,508.885
GJ 1132 b,1.19151465,583.8,19.3,3229.0,0.2211,12.613
K2-113 b,12.14,1098.0,,5660.0,1.24,635.722
TOI-2095 b,1.25,347.0,3.43,3759.0,0.44,41.9176
TOI-3474 b,14.67255574,1451.0,740.0,6020.0,1.256,420.123
K2-159 b,2.26,684.0,,5425.0,0.83,170.998
WASP-162 b,11.209,910.0,,5300.0,1.11,310.841
HATS-6 b,11.186582,712.8,,3724.0,0.57,169.318
Kepler-411 d,3.319,410.0,,,0.82,153.676
HATS-75 b,9.90873894,772.3,59.26,3790.4,0.5848,194.964
KELT-23 A b,14.829507,1561.0,991.183,5899.0,0.996,126.261
GJ 3090 b,2.13,693.0,,3556.0,0.516,22.4751
TOI-1680 b,1.466,404.0,4.41,3225.0,0.2106,37.2209
Kepler-763 c,1.42,938.0,182.9,4999.0,0.843,962.459
HATS-32 b,14.000041,1437.0,,5700.0,1.097,745.116
TOI-1075 b,1.791,1323.0,509.2,3875.0,0.581,61.4592
TOI-5261 b,11.60129502,1244.0,,5790.0,1.021,377.054
K2-331 c,2.72,673.0,,5994.0,1.06,211.43
TOI-1601 b,14.19902343,1493.97,,5982.0,2.195,336.608
HIP 8152 c,2.52442508,650.68,,5618.0,0.9603,101.694
HD 110067 b,2.2,800.0,,5266.0,0.788,32.1585
TOI-669 b,2.58606487,1124.85,,5597.0,0.9882,142.867
K2-266 d,2.93,538.3,13.95,4285.0,0.703,77.5586
K2-98 b,5.06645928,1185.0,,6260.0,1.518,518.625
TOI-813 b,6.71,610.0,23.1,5907.0,1.94,263.145
TOI-1450 A b,1.13,722.0,,3437.0,0.483,22.4467
K2-247 b,2.12,979.0,,4667.0,0.69,258.113
TOI-1260 b,2.41,871.0,95.58,4227.0,0.672,73.5977
Qatar-5 b,12.408363,1415.0,669.0,5747.0,1.076,367.658
HIP 41378 e,4.92,335.0,2.1,6320.0,1.273,106.289
TOI-206 b,1.3,910.0,,3383.0,0.35,47.7465
K2-340 b,3.36,606.0,,5532.0,1.13,738.136
HATS-35 b,16.409976,2037.0,,6300.0,1.433,514.555
K2-15 b,2.48,676.0,,5131.0,0.68,493.992
Kepler-87 c,6.14,403.0,,5600.0,1.82,1232.9
HD 23472 b,2.0,543.0,16.0,4684.0,0.71,39.0341
K2-77 b,2.4996027,806.0,,5160.0,0.792,141.731
TOI-5344 b,10.60369574,689.0,38.0,3747.0,0.588,138.367
CoRoT-10 b,10.87,600.0,,5075.0,0.79,338.386
K2-117 c,2.06,537.0,,3778.0,0.51,101.632
HD 213885 b,1.745,2128.0,,5978.0,1.1011,48.0883
TOI-5573 b,9.75,528.0,12.92,3790.0,0.594,186.562
TOI-672 b,5.2604,676.15,,3765.0,0.5441,66.9071
HD 110067 e,1.94,533.0,,5266.0,0.788,32.1585
HATS-53 b,15.02006,1312.0,,5644.0,1.101,585.77
TOI-663 b,2.27,674.0,49.1,3681.0,0.512,64.2308
HATS-65 b,16.824709,1634.0,1178.0,6277.0,1.31,493.32
TOI-815 b,2.94,686.0,36.9,4869.0,0.77,59.7117
Kepler-431 c,0.668,951.0,,6004.0,1.092,486.546
BD-14 3065 b,21.59,2001.0,,6935.0,2.35,589.423
TOI-1294 b,10.12369881,1392.74,,5718.0,1.5566,332.648
Kepler-93 b,1.478,1133.0,275.0,5669.0,0.919,95.9115
TOI-733 b,1.992,1055.8,207.1,5585.0,0.949,75.2092
K2-38 c,2.29,916.0,117.0,5731.0,1.06,192.69
NGTS-26 b,14.88552637,1331.0,523.0,5550.0,1.16,1093.69
WASP-140 b,16.14096,1320.0,,5260.0,0.87,117.598
NGTS-27 b,15.64773706,1783.0,1680.0,5700.0,1.77,942.122
TOI-5786 b,8.54,1040.0,,6235.0,1.36,192.475
TOI-5108 b,6.6,1180.0,,5808.0,1.29,130.919
HATS-9 b,13.85,1746.0,,5599.0,1.56,638.7
IRAS 04125+2902 b,10.73820351,854.0,,4080.0,1.45,159.244
NGTS-6 b,14.863134,1283.9,,4730.0,0.754,308.262
TOI-620 b,3.76,603.6,20.8,3708.0,0.55,33.0231
Kepler-539 b,8.373123,387.6,,5820.0,0.952,307.318
K2-162 b,1.44,631.0,,4842.0,0.69,124.433
Kepler-1984 b,6.81,675.0,48.82,3638.0,0.42,
TOI-2000 b,2.7,1488.0,628.0,5611.0,1.134,175.713
TOI-2589 b,12.10569916,592.0,,5579.0,1.07,200.273
TOI-5720 b,1.09,708.0,41.7,3325.0,0.383,35.8256
EPIC 249893012 c,3.67,990.0,160.0,5430.0,1.71,321.296
HD 206893 b,14.01122587,1429.2,,,,40.7583
HAT-P-59 b,12.58768533,1277.8,441.4,5678.0,1.1038,265.471
TOI-1279 b,2.66146528,759.0,,5457.0,0.8426,107.055
K2-273 b,3.05,849.0,,5161.0,0.85,308.105
Kepler-12 b,19.660586,1480.0,,5947.0,1.483,881.386
TIC 4672985 b,11.5004142,517.2,,5757.0,1.15,253.385
NGTS-4 b,3.18,1650.0,,5143.0,0.84,280.555
HIP 41378 d,3.54,367.0,3.01,6320.0,1.273,106.289
K2-216 b,1.75,1103.0,248.0,4503.0,0.72,115.461
TOI-1728 b,5.05,767.0,57.78,3980.0,0.6243,60.798
Kepler-107 b,1.536,1592.0,1073.0,5854.0,1.447,525.997
TOI-762 A b,8.33948164,555.4,,3266.0,0.425,98.4458
TOI-1820 b,12.778238,1375.0,,5734.0,1.51,248.504
HD 63935 c,3.06451296,619.59,,5513.0,0.9598,48.9739
TOI-169 b,12.172974,1715.0,1443.0,5880.0,1.288,407.84
K2-32 c,3.134,634.0,,5271.0,0.86,157.682
TOI-1842 b,12.3485023,1199.55,,6039.0,2.032,223.465
TOI-2145 b,12.41899699,1363.43,,6200.0,2.7505,224.731
HD 110067 g,2.607,440.0,,5266.0,0.788,32.1585
WASP-105 b,10.76064,900.0,,5070.0,0.9,169.272
K2-239 d,1.1,399.0,,3420.0,0.36,31.0849
TOI-2989 b,12.55405838,1001.0,124.0,4672.0,0.76,195.795
Kepler-20 c,2.894,828.0,78.7,5495.0,0.9164,282.563
K2-348 c,2.67,655.0,,5077.0,0.85,201.856
TOI-3486 b,10.5700688,1190.0,334.0,4930.0,0.788,154.715
K2-8 b,3.58,631.0,37.7,4870.0,0.74,403.513
TOI-880.02,2.19,1085.0,,5050.0,0.83,60.6679
EPIC 205950854 c,1.31,960.6,,5502.7,0.83,243.935
PH1 b,6.18,481.0,,6407.0,1.734,1033.16
TOI-1749 b,1.39,831.0,,3985.0,0.55,99.5561
TOI-5210 b,10.72699453,1286.0,456.0,5723.0,1.209,302.086
TOI-824 b,2.926,1253.0,412.0,4600.0,0.695,63.9262
K2-233 b,1.315,1127.0,269.0,4796.0,0.71,67.5062
K2-136 d,1.565,420.0,7.07,4500.0,0.677,59.2474
HD 73344 b,2.884,911.0,,6252.6,1.22,35.26
Qatar-1 b,12.811887,1418.0,,5013.0,0.803,185.615
HD 260655 c,1.533,557.0,16.1,3803.0,0.439,10.0055
WASP-150 b,11.99363,1460.0,,6218.0,1.651,527.995
TOI-4794 b,14.35870428,1673.0,1310.0,6390.0,1.451,543.008
LP 890-9 c,1.367,272.0,0.906,2850.0,0.1556,32.4298
HD 21749 c,0.892,701.0,,4640.0,0.695,16.32
HD 224018 d,2.4,411.0,,5784.0,1.147,105.48
TOI-4495.01,3.63045,1382.67,346.626,6156.0,1.34,132.214
WASP-42 b,12.576498,1021.0,,5315.0,0.892,177.291
Kepler-102 c,0.567,777.0,61.0,4909.0,0.724,107.796
TOI-2411 b,1.68,1355.0,,4099.0,0.68,59.5362
Kepler-17 b,14.68,1570.0,,5781.0,1.01034,720.753
K2-61 b,1.92,1325.0,730.0,5748.0,0.995,405.732
K2-343 b,1.65,653.0,,3804.0,0.46,166.169
TOI-2345 b,1.504,1478.0,791.0,4687.0,0.729,81.6541
K2-254 b,1.63,791.0,,4629.0,0.67,227.775
TOI-2109 b,15.098497,3646.0,,6540.0,1.698,262.041
WASP-114 b,15.008851,2043.0,,5940.0,1.43,523.337
HATS-33 b,13.78707,1429.0,,5659.0,1.022,248.46
EPIC 220674823 c,2.84,804.0,70.0,5578.0,0.99,244.59
HATS-24 b,15.636555,2166.0,,6125.0,1.12,494.182
TOI-1296 b,14.11645916,1414.84,,5567.0,1.7031,323.265
K2-141 c,7.0,695.0,39.1,4570.0,0.681,61.8736
HR 858 c,1.979,1309.0,,6354.0,1.258,31.964
Kepler-1991 b,1.47,760.0,78.79,5478.0,1.053,855.82
EPIC 249893012 d,3.94,752.0,53.0,5430.0,1.71,321.296
Gliese 12 b,0.958,314.6,1.62,3296.0,0.2617,12.21
HAT-P-39 b,17.609,1752.0,,6430.0,1.625,697.004
Kepler-45 b,10.76,1000.0,,3820.0,0.55,381.949
TOI-244 b,1.52,458.0,7.3,3433.0,0.426,22.0337
GJ 143 b,2.61,422.0,,4640.0,0.695,16.32
K2-60 b,7.655747,1400.0,,5500.0,1.12,491.87
TOI-181 b,6.9559,895.1,102.43,4994.0,0.745,96.2338
K2-243 b,2.17,1035.0,,6570.0,1.39,266.864
HD 202772 A b,17.317905,2132.0,3440.0,6272.0,2.591,161.498
AU Mic b,3.95677019,600.0,21.2,3678.0,0.744,9.7221
Wendelstein-2 b,12.9934728,2470.0,,4591.0,0.66,565.541
TIC 434398831 b,3.51,1250.0,,5638.0,0.909,217.011
TOI-5688 A b,10.3,742.0,50.3,3713.0,0.57,226.318
KELT-24 b,12.71098411,1391.0,624.0,6426.0,1.338,96.5173
TOI-858 B b,14.06727078,1529.0,908.9,5842.0,1.308,250.489
K2-251 b,2.35,437.0,,3717.0,0.49,147.03
TOI-1444 b,1.41792246,2130.02,,5460.0,0.9105,125.463
Kepler-20 d,2.606,430.0,5.71,5495.0,0.9164,282.563
TOI-5340 b,15.07607904,1566.0,1004.0,5990.0,1.842,532.629
TOI-540 b,0.903,611.0,23.4,3216.0,0.1895,14.0022
HAT-P-23 b,15.334,2056.0,,5905.0,1.203,364.813
WASP-36 b,14.874343,1733.0,,5959.0,0.985,386.346
HATS-45 b,14.414774,1518.0,,6450.0,1.315,772.11
HD 28109 b,2.199,881.2,,6120.0,1.446,139.611
TOI-2379 b,11.72459381,624.0,25.3,3707.0,0.622,211.247
BD+60 1417 b,14.68376472,1303.0,,4993.0,0.797,44.9543
TOI-2406 b,2.86,449.0,6.69,3100.0,0.204,55.419
K2-13 b,1.89,511.0,,5698.0,0.78,342.394
WASP-166 b,7.06167,1270.0,440.0,6050.0,1.22,114.173
K2-203 b,1.26549392,738.4,,5026.0,0.765,166.147
K2-136 b,1.014,610.0,33.5,4500.0,0.677,59.2474
KELT-14 b,19.537287,1970.0,,5720.0,1.52,250.121
TOI-1803 b,2.99,747.0,58.0,4687.0,0.715,119.24
Kepler-975 c,10.69,1168.0,439.8,4883.0,1.667,426.088
K2-252 b,1.74,639.0,,5152.0,0.82,228.839
TOI-530 b,9.30345398,565.0,,3659.0,0.54,148.762
Ross 176 b,1.84,682.0,36.2,4041.0,0.569,46.4488
TOI-908 b,3.186,1317.0,80.884,5626.0,1.028,175.748
HIP 113103 b,1.829,721.0,,4930.0,0.742,46.2122
WASP-136 b,15.46842,1742.0,,6260.0,2.21,275.587
WASP-70 A b,13.047,1387.0,,5763.0,1.215,222.355
WASP-118 b,16.14096,1729.0,,6410.0,1.696,376.658
WASP-124 b,13.89916,1400.0,,6050.0,1.02,448.637
Kepler-949 c,2.97,582.0,27.2,5211.0,0.895,486.105
TOI-6130 b,14.3474953,1750.0,1150.0,6110.0,1.51,220.882
TOI-4487 A b,14.60530185,1639.0,1203.0,6206.0,1.634,479.145
TOI-2274 b,2.45,771.46,,3943.0,0.631,48.876
K2-319 b,2.79,641.0,,5440.0,0.898,209.071
TOI-712 d,2.474,313.6,1.6,4622.0,0.674,58.6212
TOI-1246 d,3.43139739,587.77,,5213.0,0.8649,169.422
HATS-72 b,8.0973816,739.3,49.58,4656.1,0.7214,127.589
Kepler-1518 c,2.9,1094.0,338.33,6432.0,1.345,903.51
CoRoT-11 b,16.03,1657.0,,6440.0,1.37,655.037
TOI-2818 b,15.27784069,1376.0,598.0,5721.0,1.229,312.674
TOI-1173 b,9.19,868.0,132.0,5350.0,0.934,132.353
TOI-833 b,1.27,1118.0,,3920.0,0.6,41.7148
HIP 116454 b,2.469,753.2,51.2858,5048.0,0.758,62.4491
K2-214 b,2.51,1001.0,238.0,5875.0,1.236,300.64
WASP-144 b,9.52765,1260.0,,5200.0,0.81,355.513
K2-158 c,1.28,948.0,,5503.0,0.95,197.299
TOI-5322 b,16.6117094,1350.0,554.0,5692.0,1.462,476.899
Kepler-102 e,2.17,590.0,20.3,4909.0,0.724,107.796
K2-290 c,11.276254,676.0,,6302.0,1.511,272.909
HD 73583 c,2.39,498.0,10.2,4511.0,0.65,31.5666
HAT-P-16 b,14.448,1626.0,,6158.0,1.237,226.637
Kepler-91 b,15.322703,2040.0,,4550.0,6.3,1294.69
K2-16 b,2.02,658.0,44.5,4742.0,0.66,334.967
HAT-P-51 b,13.50682174,1168.2,310.0,5453.0,0.995,440.089
TOI-4438 b,2.52,435.0,6.0,3422.0,0.372,30.0346
TOI-128.01,2.21898,1344.51,182.406,6086.0,1.13,68.4727
HIP 9618 b,3.82838127,640.88,,5649.0,0.9593,67.5478
TOI-1776 b,1.21612741,1269.21,,5785.0,0.9356,44.647
TOI-2120 b,2.122,384.0,3.61,3131.0,0.245,32.1755
CoRoT-36 b,15.80466279,1567.0,,6730.0,1.52,925.958
TOI-2842 b,12.84549188,1471.0,781.8,5910.0,1.265,460.995
Kepler-619 d,4.17,830.0,112.07,6122.0,0.964,900.678
TOI-237 b,1.44,388.0,3.7,3212.0,0.211,38.0749
K2-140 b,13.56286665,962.0,204.0,5585.0,1.06,347.917
K2-321 b,2.05124347,830.0,,3750.0,0.595,77.6888
K2-225 b,3.60929179,923.0,,5520.0,1.7,357.778
Kepler-164 e,4.24,429.0,7.99,5888.0,1.097,890.758
K2-230 b,1.96,1529.0,,5945.0,1.39,540.773
TOI-663 c,2.26,553.0,22.3,3681.0,0.512,64.2308
HATS-39 b,17.59813,1645.0,,6572.0,1.621,878.521
LHS 1478 b,1.242,595.0,,3381.0,0.246,18.2276
L 98-59 b,0.837,620.0,24.5,3415.0,0.3155,10.6194
TOI-712 c,2.701,369.9,3.08,4622.0,0.674,58.6212
HATS-76 b,12.09449018,939.8,129.8,4016.0,0.6259,385.689
TOI-2107 b,13.57407563,1397.0,,5627.0,0.932,236.705
HD 224018 c,2.42,641.0,,5784.0,1.147,105.48
HD 2685 b,16.14096,2061.0,,6801.0,1.56,196.852
TOI-4791 b,12.44196858,1472.0,783.2,6058.0,1.409,328.802
TYC 8998-760-1 c,12.3299,1240.0,,,,94.6177
TOI-1994 b,13.67495645,2290.0,,7700.0,2.3,515.603
Kepler-421 b,4.16,185.0,,5308.0,0.757,348.558
KOI-3680 b,11.09691,347.0,,5830.0,0.96,921.986
K2-37 d,2.31,646.0,41.3,5352.0,0.809,179.943
KOI-13 b,16.948008,2550.0,,7650.0,1.74,519.096
Kepler-2000 b,2.73,530.0,18.73,3757.0,0.576,320.588
TOI-2459 b,2.9531,445.01,,4195.0,0.6751,36.6113
HD 1397 b,11.500434,1228.3,356.0,5521.0,2.336,79.5702
K2-334 b,5.65,1380.0,,6502.0,1.49,371.823
GU Psc b,14.179,1050.0,,,,47.5501
LTT 1445 A b,1.34,431.0,5.7,,0.271,6.86929
TOI-411 b,1.362,1241.0,495.139,6169.0,1.117,62.7792
TOI-444 b,2.77,609.0,,5225.0,0.779,57.3973
HD 136352 c,2.916,677.0,35.1,5664.0,1.058,14.682
HD 136352 d,2.562,431.0,5.74,5664.0,1.058,14.682
TOI-6054.01,2.64,1360.0,570.0,6047.0,1.662,79.407
HD 183579 b,3.49,752.0,,5784.0,0.96,57.2651
HD 191939 b,3.41,880.0,100.0,5348.0,0.94,53.6089
TOI-172 b,10.816685,1198.0,299.0,5645.0,1.777,342.831
GJ 9827 b,1.44,1035.01,,4236.0,0.58,29.661
HAT-P-50 b,14.437192,1862.0,,6280.0,1.698,515.458
K2-233 c,1.272,794.0,66.2,4796.0,0.71,67.5062
TOI-451 b,1.91,1491.0,,5550.0,0.879,123.739
TOI-1806.01,3.4095367,337.47,2.1473,3272.0,0.401575,55.5211
TOI-544 b,2.018,999.0,,4169.0,0.623,41.1166
TOI-5678 b,4.91,513.0,,5485.0,0.938,165.393
Kepler-20 f,0.952,681.0,35.9,5495.0,0.9164,282.563
KOI-3503 b,1.19,785.0,,6001.0,1.255,887.064
K2-100 b,3.88,1841.0,1915.0,5945.0,1.24,188.959
TOI-139 b,2.4566,561.17,,4570.0,0.7007,42.4061
Kepler-1514 b,12.419572,387.9,3.23,6145.0,1.289,397.292
Kepler-1514 c,1.1758241,1066.0,193.0,6145.0,1.289,397.292
K2-239 c,1.0,427.0,,3420.0,0.36,31.0849
TOI-6383 A b,11.29,745.0,51.3,3444.0,0.457,171.319
CoRoT-24 c,5.0,850.0,,4950.0,0.86,591.555
LTT 3780 b,1.325,903.0,111.0,3358.0,0.38,21.9814
CoRoT-13 b,9.92,1700.0,,5945.0,1.01,1148.93
Kepler-138 b,0.64,452.0,9.9,3841.0,0.535,66.8624
HATS-62 b,11.825495,1237.0,387.4,5416.0,0.933,523.067
WASP-28 b,13.66374747,1456.0,,,1.083,348.494
Kepler-1801 c,2.91,371.0,4.47,5738.0,0.981,839.332
K2-336 b,1.22,569.0,,5424.0,0.8,239.289
TOI-6034 b,11.92,714.0,43.0,3635.0,0.489,117.992
TOI-2498 b,6.06,1443.0,,5905.0,1.26,275.265
Kepler-1649 b,1.017,307.0,2.208,3240.0,0.2317,92.1913
K2-323 b,2.1,318.0,,3710.0,0.549,118.318
K2-5 c,2.26,456.0,10.2,3930.0,0.57,202.943
HAT-P-66 b,17.82231,1896.0,,6002.0,1.881,935.456
WASP-81 b,16.017661,1623.0,,5870.0,1.283,398.505
GJ 9827 c,1.13,715.94,,4236.0,0.58,29.661
HATS-46 b,10.121727,1054.0,,5495.0,0.853,453.808
Kepler-1652 b,1.6,268.0,0.81,3638.0,0.382,
TOI-4010 c,5.93,907.0,112.0,4960.0,0.83,177.504
TOI-2141 b,3.147,728.0,47.3,5635.0,0.95,77.682
Kepler-416 d,1.61,1253.0,583.25,5670.0,1.022,690.819
GJ 3473 b,1.264,773.0,59.4,3347.0,0.364,27.3644
TOI-905 b,13.125739,1192.0,337.0,5570.0,0.918,158.649
TOI-1062 b,2.265,1077.0,232.0,5328.0,0.84,82.1733
Kepler-1876 b,0.853,1299.0,475.0,6104.0,1.477,259.935
Kepler-130 c,2.9,683.0,,5879.0,1.17,316.663
Kepler-46 b,9.057,543.0,,5155.0,0.938,777.06
Kepler-411 b,2.401,1138.0,,,0.82,153.676
HATS-74 A b,11.56766808,895.1,106.9,3776.9,0.5758,299.389
LTT 1445 A c,1.147,508.0,10.9,3340.0,0.265,6.86929
GJ 3929 b,1.09,568.0,17.3,3384.0,0.32,15.8095
TOI-2136 b,2.19,395.0,4.0,3342.0,0.34,33.3631
WASP-132 c,1.841,1329.0,791.0,4686.0,0.758,122.91
TOI-3629 b,8.29464572,690.0,39.0,3870.0,0.6,130.091
CT Cha b,24.66,2600.0,,,,190.72
HAT-P-9 b,15.614137,1540.0,931.0,6350.0,1.338,455.203
TOI-1238 c,2.11,695.0,63.0,4089.0,0.58,70.7145
TOI-1238 b,1.21,1133.0,442.0,4089.0,0.58,70.7145
TOI-2068 b,1.821,520.62,12.23,3710.0,0.535,52.9328
WASP-182 b,9.52765,1479.0,,5638.0,1.34,327.602
HATS-48 A b,8.9672,954.6,137.6,4546.0,0.7152,263.609
HAT-P-68 b,12.016048,1027.8,184.8,4508.0,0.6701,202.152
TOI-622 b,9.2362001,1388.0,602.0,6400.0,1.415,123.297
TOI-2169 A b,12.50922246,1364.0,577.0,6270.0,1.82,351.487
TOI-2382 b,12.25141591,1426.0,689.0,6033.0,1.417,434.92
TOI-2567 b,10.92875618,1352.0,558.0,5611.0,1.686,504.775
Kepler-58 e,1.61,1212.0,511.6,6100.0,1.083,969.252
Kepler-1994 b,0.51,1032.0,268.27,5495.0,0.961,241.991
Kepler-107 e,2.903,955.0,138.7,5854.0,1.447,525.997
Kepler-1894 c,1.21,1007.0,243.06,5772.0,0.901,935.191
Kepler-431 b,0.764,1032.0,,6004.0,1.092,486.546
TOI-4308 b,2.4189,763.05,,5243.0,0.7934,108.932
TOI-4515 b,12.17,705.0,,5433.0,0.86,193.499
Kepler-62 f,1.41,208.0,,4925.0,0.64,300.874
Kepler-347 d,3.04,482.0,12.75,5592.0,1.451,1298.88
TOI-837 b,9.16894621,995.3,164.0,5995.0,1.052,142.488
TOI-5592 b,17.14974047,1789.0,1712.0,6237.0,1.393,597.026
Kepler-430 c,1.75,458.0,,5884.0,1.485,917.477
TOI-1470 b,2.18,734.0,46.3,3709.0,0.469,51.9503
K2-417 b,3.31,558.0,,3861.0,0.5776,94.0424
K2-326 b,2.28,1114.0,,3924.0,0.688,282.308
HD 224018 b,0.91,968.0,,5784.0,1.147,105.48
TOI-5398 c,3.52,1242.0,,6000.0,1.051,130.855
LP 791-18 c,2.438,324.4,2.637,2960.0,0.182,26.4927
K2-52 b,18.0,2004.0,,7147.0,2.192,1038.41
K2-53 b,2.6,665.0,,5263.0,0.807,138.018
TOI-6420 b,11.93756445,1213.0,,6020.0,1.312,634.712
GJ 806 b,1.331,940.0,130.0,3600.0,0.4144,12.0445
TOI-6894 b,9.5836785,417.9,5.54,3007.0,0.2276,73.8131
TOI-4527.01,0.9086617,1362.93,571.5072,3702.0,0.485948,18.1037
KOI-94 c,4.32,1012.0,,6182.0,1.52,477.052
K2-62 b,2.02,666.0,46.7,4455.0,0.696,112.467
K2-54 b,2.6116925,560.0,,3990.0,0.643,174.955
K2-180 b,2.46597575,797.5,,5365.0,0.719,203.896
K2-117 b,2.03,868.0,,3778.0,0.51,101.632
K2-346 b,2.26,450.0,,4801.0,0.7,105.58
TOI-5799 c,1.76,337.0,,3452.0,0.321,27.8123
Kepler-117 b,8.059,984.0,,6150.0,1.606,1455.57
K2-349 b,1.38,518.0,,4385.0,0.49,453.567
WASP-170 b,12.285064,1422.0,680.0,5600.0,0.938,305.603
HATS-44 b,11.960003,1161.0,,5080.0,0.847,446.035
TOI-421 b,2.64,922.0,,5291.0,0.866,74.7969
TOI-421 c,5.09,635.0,,5291.0,0.866,74.7969
HD 63433 b,2.14,967.11,,5553.0,0.934,22.4035
HD 17156 b,1.094,888.0,68.8,6046.0,1.517,78.0863
WASP-103 b,17.127,2508.0,,6110.0,1.436,375.647
HD 3167 c,3.0,564.0,16.9,5261.0,0.88,47.2899
TOI-269 b,2.77,531.0,19.0,3514.0,0.398,57.0225
